customer_id,total_revenue,total_orders,average_order_value,total_quantity,age,gender,city,membership,favorite_payment,favorite_category,signup_date,first_purchase,last_purchase,customer_tenure_days,days_since_last_purchase,purchase_frequency,average_items_per_order,high_value_customer
CUST0001,4122.92,3,412.29200000000003,16,19,Female,Kuala Lumpur,Bronze,Online Banking,Electronics,2026-04-22,2025-07-21 10:18:18,2026-04-08 12:50:57,79,93,1.14,5.33,1
CUST0002,1972.85,5,328.80833333333334,10,43,Female,Shah Alam,Bronze,Credit Card,Home,2024-12-01,2025-09-01 06:45:23,2026-06-11 20:14:59,586,29,0.26,2.0,0
CUST0003,2398.45,4,342.63571428571424,9,19,Male,Kuala Lumpur,Bronze,Credit Card,Electronics,2025-05-13,2025-12-29 22:26:55,2026-07-01 19:11:33,423,9,0.28,2.25,0
CUST0004,754.8299999999999,4,125.80499999999999,7,27,Male,Johor Bahru,Bronze,Credit Card,Beauty,2025-09-23,2025-08-24 07:24:47,2026-07-10 20:26:33,290,0,0.41,1.75,0
CUST0005,815.99,4,135.99833333333333,6,40,Male,Shah Alam,Bronze,Online Banking,Beauty,2025-10-04,2025-08-17 20:35:55,2026-06-13 07:59:57,279,27,0.43,1.5,0
CUST0006,1138.32,1,569.16,2,44,Female,Penang,Bronze,E-Wallet,Electronics,2026-03-26,2025-12-31 13:32:43,2025-12-31 13:32:43,106,191,0.28,2.0,0
CUST0007,680.45,3,226.8166666666667,4,31,Female,Kuala Lumpur,Bronze,Debit Card,Fashion,2025-01-20,2025-10-18 19:06:27,2026-05-17 20:54:45,536,53,0.17,1.33,0
CUST0008,4088.92,8,314.5323076923077,18,40,Female,Shah Alam,Silver,Online Banking,Fashion,2025-04-12,2025-07-19 10:58:15,2026-07-04 15:04:42,454,6,0.53,2.25,1
CUST0009,3314.73,6,236.76642857142858,18,63,Female,Penang,Silver,Online Banking,Beauty,2025-04-28,2025-08-20 05:51:47,2026-07-07 14:01:33,438,3,0.41,3.0,1
CUST0010,8026.03,9,422.42263157894735,28,41,Female,Shah Alam,Silver,E-Wallet,Electronics,2025-06-09,2025-08-27 19:42:34,2026-06-24 11:26:27,396,16,0.68,3.11,1
CUST0011,5886.17,4,654.0188888888889,13,20,Female,Kuala Lumpur,Bronze,Credit Card,Electronics,2025-03-30,2025-11-06 07:02:27,2026-02-02 11:48:04,467,158,0.26,3.25,1
CUST0012,1829.23,2,609.7433333333333,4,28,Male,Kuala Lumpur,Bronze,E-Wallet,Beauty,2025-05-13,2025-10-23 23:34:38,2026-03-04 13:55:55,423,128,0.14,2.0,0
CUST0013,1401.74,4,350.435,5,32,Female,Penang,Bronze,Credit Card,Sports,2026-04-16,2025-07-21 20:56:47,2025-11-02 09:41:15,85,250,1.41,1.25,0
CUST0014,2689.89,4,384.27,8,60,Male,Johor Bahru,Silver,Online Banking,Electronics,2026-04-10,2025-08-23 12:11:20,2026-06-04 10:00:04,91,36,1.32,2.0,0
CUST0015,3059.9900000000002,5,382.49875000000003,12,45,Male,Kuala Lumpur,Bronze,Credit Card,Home,2025-07-15,2026-03-03 19:22:15,2026-05-30 19:30:29,360,41,0.42,2.4,1
CUST0016,1223.51,2,407.83666666666664,4,42,Female,Johor Bahru,Silver,E-Wallet,Electronics,2026-05-19,2025-08-21 09:47:55,2026-03-07 19:27:23,52,125,1.15,2.0,0
CUST0017,2394.81,6,184.21615384615384,17,48,Female,Kuala Lumpur,Bronze,E-Wallet,Fashion,2024-09-09,2025-07-11 18:37:34,2026-03-22 11:10:32,669,110,0.27,2.83,0
CUST0018,151.59,1,151.59,1,29,Male,Kuala Lumpur,Gold,Online Banking,Fashion,2025-01-18,2026-06-17 20:46:33,2026-06-17 20:46:33,538,22,0.06,1.0,0
CUST0019,1062.65,3,265.6625,6,31,Female,Ipoh,Bronze,E-Wallet,Electronics,2025-10-27,2025-08-20 05:59:45,2026-05-11 18:14:30,256,60,0.35,2.0,0
CUST0020,4673.32,7,359.4861538461538,23,35,Female,Kuala Lumpur,Bronze,E-Wallet,Fashion,2024-12-24,2025-10-05 14:18:37,2026-06-12 21:26:04,563,27,0.37,3.29,1
CUST0021,2857.28,5,238.10666666666668,19,29,Female,Johor Bahru,Gold,Debit Card,Beauty,2024-08-29,2025-08-12 19:33:40,2026-03-16 20:42:29,680,115,0.22,3.8,1
CUST0022,2753.6099999999997,5,393.3728571428571,12,28,Male,Melaka,Bronze,E-Wallet,Fashion,2025-06-19,2025-07-28 04:20:22,2026-02-05 19:14:01,386,155,0.39,2.4,0
CUST0023,567.42,1,567.42,2,20,Male,Kuala Lumpur,Silver,E-Wallet,Beauty,2025-06-15,2025-07-18 11:51:30,2025-07-18 11:51:30,390,357,0.08,2.0,0
CUST0024,1381.91,2,230.31833333333336,8,34,Female,Kuala Lumpur,Bronze,Credit Card,Electronics,2025-01-06,2025-08-07 22:45:31,2025-08-26 22:09:58,550,317,0.11,4.0,0
CUST0025,4056.25,2,811.25,10,38,Female,Melaka,Gold,Credit Card,Fashion,2024-09-18,2026-02-06 13:29:56,2026-02-20 21:26:01,660,139,0.09,5.0,1
CUST0026,2451.1,3,306.3875,13,45,Male,Ipoh,Bronze,Cash on Delivery,Sports,2025-05-02,2025-12-16 19:33:59,2026-05-15 08:38:43,434,56,0.21,4.33,0
CUST0027,619.77,3,206.59,4,42,Male,Kuala Lumpur,Bronze,Credit Card,Beauty,2025-02-02,2025-08-03 08:40:27,2026-03-25 00:22:40,523,107,0.17,1.33,0
CUST0028,2522.23,5,315.27875,10,61,Male,Shah Alam,Bronze,Online Banking,Fashion,2026-06-17,2025-11-29 22:29:11,2026-06-06 03:11:24,23,34,6.52,2.0,0
CUST0029,2817.55,3,563.51,9,26,Female,Melaka,Gold,Credit Card,Sports,2024-11-01,2025-09-27 21:25:06,2026-01-04 21:53:26,616,186,0.15,3.0,1
CUST0030,1010.1199999999999,3,252.52999999999997,5,42,Male,Johor Bahru,Bronze,E-Wallet,Sports,2026-05-28,2026-01-30 21:06:31,2026-06-25 18:40:44,43,15,2.09,1.67,0
CUST0031,1501.74,4,375.435,8,38,Female,Shah Alam,Bronze,E-Wallet,Electronics,2025-02-25,2026-02-03 15:34:05,2026-07-05 23:46:17,500,4,0.24,2.0,0
CUST0032,3583.02,5,511.86,9,31,Male,Kuala Lumpur,Gold,E-Wallet,Electronics,2026-05-19,2025-07-19 23:06:31,2026-05-02 19:13:25,52,69,2.88,1.8,1
CUST0033,1332.24,5,166.53,10,52,Female,Penang,Bronze,Credit Card,Fashion,2024-10-13,2025-10-08 20:01:25,2026-04-09 18:51:37,635,92,0.24,2.0,0
CUST0034,3099.3599999999997,8,281.76,12,61,Female,Kuala Lumpur,Bronze,Credit Card,Sports,2026-06-28,2025-07-13 17:45:39,2026-06-25 15:29:26,12,15,20.0,1.5,1
CUST0035,1244.72,3,248.94400000000002,11,47,Male,Shah Alam,Bronze,E-Wallet,Home,2024-10-01,2025-08-13 06:25:43,2026-03-28 13:34:07,647,104,0.14,3.67,0
CUST0036,1301.27,5,185.8957142857143,12,38,Male,Kuala Lumpur,Gold,E-Wallet,Electronics,2026-03-24,2025-09-26 16:06:05,2026-04-03 23:13:08,108,97,1.39,2.4,0
CUST0037,32.29,1,32.29,1,27,Male,Johor Bahru,Silver,Debit Card,Beauty,2024-08-10,2025-09-19 19:27:23,2025-09-19 19:27:23,699,294,0.04,1.0,0
CUST0038,3417.5099999999998,3,379.7233333333333,11,31,Male,Melaka,Silver,E-Wallet,Fashion,2025-08-23,2025-09-24 18:26:53,2026-05-04 12:55:50,321,67,0.28,3.67,1
CUST0039,86.15,1,86.15,1,37,Male,Kuala Lumpur,Bronze,Online Banking,Sports,2025-08-16,2025-09-24 17:07:34,2025-09-24 17:07:34,328,289,0.09,1.0,0
CUST0040,3375.7,6,375.0777777777778,14,40,Male,Kuala Lumpur,Bronze,Online Banking,Electronics,2025-11-08,2025-07-11 16:37:38,2026-05-18 20:26:28,244,53,0.74,2.33,1
CUST0041,5359.87,6,535.987,15,41,Male,Kuala Lumpur,Gold,Credit Card,Home,2026-06-22,2025-08-02 14:23:46,2026-05-24 21:09:51,18,46,10.0,2.5,1
CUST0042,1405.26,3,281.052,6,22,Female,Kuala Lumpur,Silver,Credit Card,Home,2024-11-02,2025-12-11 06:25:34,2026-04-17 09:00:58,615,84,0.15,2.0,0
CUST0043,1709.3799999999999,4,341.876,9,25,Male,Melaka,Silver,Debit Card,Sports,2025-02-17,2025-11-01 08:35:30,2026-05-29 09:19:12,508,42,0.24,2.25,0
CUST0044,3903.45,8,278.8178571428571,21,49,Male,Shah Alam,Bronze,Credit Card,Beauty,2026-06-15,2025-10-22 09:35:24,2026-06-18 10:33:21,25,22,9.6,2.62,1
CUST0045,529.84,1,264.92,2,34,Male,Penang,Bronze,Online Banking,Beauty,2025-09-06,2025-08-02 13:05:47,2025-08-02 13:05:47,307,342,0.1,2.0,0
CUST0046,873.9,3,218.475,4,43,Female,Melaka,Bronze,Online Banking,Sports,2026-04-27,2025-09-20 19:51:26,2026-05-19 13:19:08,74,52,1.22,1.33,0
CUST0047,1684.06,3,280.6766666666667,8,31,Male,Shah Alam,Bronze,Credit Card,Fashion,2026-05-13,2025-10-02 20:58:37,2025-11-26 16:10:38,58,226,1.55,2.67,0
CUST0048,1505.89,5,250.98166666666668,10,35,Male,Penang,Bronze,Credit Card,Fashion,2025-11-30,2025-09-17 13:04:36,2026-06-15 17:16:28,222,25,0.68,2.0,0
CUST0049,1748.8400000000001,5,194.31555555555556,11,58,Male,Penang,Gold,Online Banking,Electronics,2025-08-29,2025-11-16 20:07:00,2026-06-05 20:36:02,315,34,0.48,2.2,0
CUST0050,177.86,2,88.93,2,21,Female,Melaka,Gold,Cash on Delivery,Sports,2025-03-01,2025-07-23 21:57:44,2026-07-04 16:12:41,496,6,0.12,1.0,0
CUST0051,951.6099999999999,5,190.32199999999997,5,59,Female,Shah Alam,Bronze,E-Wallet,Beauty,2025-10-14,2025-07-18 13:47:25,2026-06-15 19:27:12,269,25,0.56,1.0,0
CUST0052,373.63,2,124.54333333333334,3,28,Male,Penang,Bronze,E-Wallet,Fashion,2024-08-11,2025-07-28 15:11:25,2026-01-22 10:44:35,698,169,0.09,1.5,0
CUST0053,2485.37,4,276.15222222222224,14,64,Male,Kuala Lumpur,Silver,Debit Card,Beauty,2025-01-03,2025-07-11 23:54:36,2026-07-07 19:53:53,553,3,0.22,3.5,0
CUST0054,1239.76,3,247.952,6,34,Male,Melaka,Platinum,Credit Card,Beauty,2025-07-22,2025-09-21 06:11:07,2026-04-11 03:32:07,353,90,0.25,2.0,0
CUST0055,1316.16,3,329.04,8,45,Female,Kuala Lumpur,Bronze,Online Banking,Electronics,2025-08-01,2025-09-18 11:23:39,2026-04-23 11:19:16,343,78,0.26,2.67,0
CUST0057,1965.8,3,280.8285714285714,8,40,Male,Johor Bahru,Gold,Cash on Delivery,Electronics,2026-03-14,2025-07-19 12:42:59,2026-05-09 20:10:08,118,62,0.76,2.67,0
CUST0058,990.54,2,198.108,6,62,Male,Kuala Lumpur,Bronze,Credit Card,Beauty,2024-12-27,2025-10-28 22:10:56,2025-12-04 19:03:14,560,218,0.11,3.0,0
CUST0059,676.05,3,112.675,6,43,Female,Kuala Lumpur,Bronze,Credit Card,Beauty,2024-12-12,2025-11-07 15:39:46,2026-01-13 15:11:52,575,178,0.16,2.0,0
CUST0060,32.29,1,32.29,1,29,Female,Johor Bahru,Silver,Online Banking,Beauty,2026-05-31,2026-02-03 18:14:28,2026-02-03 18:14:28,40,157,0.75,1.0,0
CUST0061,212.53,2,70.84333333333333,5,40,Male,Johor Bahru,Gold,E-Wallet,Beauty,2026-01-10,2025-09-10 09:46:25,2026-03-11 19:44:22,181,121,0.33,2.5,0
CUST0062,471.71000000000004,3,117.92750000000001,5,45,Male,Kuala Lumpur,Bronze,Credit Card,Fashion,2024-07-30,2025-07-28 18:06:24,2026-06-10 08:05:24,710,30,0.13,1.67,0
CUST0063,109.92,1,109.92,1,30,Female,Penang,Silver,Debit Card,Sports,2025-08-03,2025-09-23 23:21:43,2025-09-23 23:21:43,341,289,0.09,1.0,0
CUST0064,2605.41,8,236.85545454545453,12,35,Male,Melaka,Platinum,Credit Card,Electronics,2024-11-18,2025-08-29 12:02:55,2026-06-01 19:48:46,599,39,0.4,1.5,0
CUST0065,951.12,2,237.78,4,28,Male,Kuala Lumpur,Gold,E-Wallet,Electronics,2025-01-09,2025-10-15 17:47:13,2026-04-29 21:31:53,547,71,0.11,2.0,0
CUST0066,1608.28,5,178.6977777777778,14,54,Female,Penang,Bronze,E-Wallet,Fashion,2026-06-03,2025-09-26 13:05:47,2026-06-10 08:29:29,37,30,4.05,2.8,0
CUST0067,903.24,3,225.81,6,44,Female,Johor Bahru,Platinum,Debit Card,Fashion,2025-06-13,2025-07-18 22:22:37,2026-02-22 08:31:32,392,138,0.23,2.0,0
CUST0069,913.8899999999999,2,228.47249999999997,6,60,Female,Kuala Lumpur,Bronze,E-Wallet,Home,2024-09-02,2025-10-12 10:12:36,2026-05-24 17:53:09,676,47,0.09,3.0,0
CUST0070,2023.53,5,224.83666666666667,11,39,Male,Kuala Lumpur,Silver,E-Wallet,Beauty,2026-02-01,2025-10-10 16:50:44,2026-07-02 14:06:13,159,8,0.94,2.2,0
CUST0071,910.5600000000001,4,151.76000000000002,7,27,Female,Johor Bahru,Bronze,Credit Card,Fashion,2025-05-21,2026-05-09 15:26:49,2026-07-04 16:48:09,415,6,0.29,1.75,0
CUST0072,1401.65,2,700.825,2,57,Male,Shah Alam,Bronze,Credit Card,Electronics,2025-01-22,2025-08-20 08:08:35,2025-09-18 12:58:22,534,295,0.11,1.0,0
CUST0073,1227.1100000000001,3,245.42200000000003,5,29,Male,Kuala Lumpur,Silver,Credit Card,Beauty,2025-03-01,2025-09-05 18:17:08,2025-11-15 15:46:32,496,237,0.18,1.67,0
CUST0074,2422.11,3,302.76375,13,29,Female,Ipoh,Silver,E-Wallet,Beauty,2025-09-28,2025-07-18 20:08:13,2026-07-04 12:49:31,285,6,0.32,4.33,0
CUST0075,4831.23,7,483.12299999999993,17,18,Male,Kuala Lumpur,Gold,Online Banking,Fashion,2025-03-14,2025-07-11 06:32:13,2026-06-14 12:49:28,483,26,0.43,2.43,1
CUST0076,890.4100000000001,4,222.60250000000002,5,38,Female,Shah Alam,Silver,Credit Card,Sports,2025-12-17,2025-09-19 21:12:57,2026-05-25 17:48:08,205,46,0.59,1.25,0
CUST0077,660.8299999999999,3,220.27666666666664,5,25,Male,Penang,Gold,E-Wallet,Beauty,2025-02-09,2025-08-25 09:31:18,2026-06-13 04:16:10,516,27,0.17,1.67,0
CUST0078,685.96,1,342.98,2,53,Female,Shah Alam,Bronze,Credit Card,Fashion,2026-07-07,2025-11-05 14:05:07,2025-11-05 14:05:07,3,247,10.0,2.0,0
CUST0079,905.26,3,226.315,4,24,Male,Shah Alam,Gold,Credit Card,Electronics,2024-10-04,2025-09-26 14:10:59,2026-04-19 05:20:36,644,82,0.14,1.33,0
CUST0080,1233.42,3,246.68400000000003,10,41,Male,Kuala Lumpur,Gold,Credit Card,Beauty,2026-06-22,2025-07-31 19:39:43,2026-01-05 20:42:35,18,185,5.0,3.33,0
CUST0081,1792.27,3,448.0675,4,63,Female,Shah Alam,Gold,Credit Card,Beauty,2024-07-19,2025-08-17 18:26:26,2025-10-09 19:39:22,721,274,0.12,1.33,0
CUST0082,1072.6399999999999,5,153.2342857142857,10,46,Male,Penang,Gold,Credit Card,Sports,2026-04-07,2025-09-22 06:24:55,2026-06-30 14:45:08,94,10,1.6,2.0,0
CUST0083,749.47,3,124.91166666666668,9,54,Female,Shah Alam,Bronze,E-Wallet,Beauty,2024-09-30,2026-01-03 22:58:37,2026-06-02 21:05:21,648,37,0.14,3.0,0
CUST0084,1254.0,4,209.0,8,24,Female,Shah Alam,Gold,Online Banking,Fashion,2024-09-09,2025-12-18 19:07:38,2026-06-10 11:53:40,669,30,0.18,2.0,0
CUST0085,3024.65,5,378.08125,14,51,Male,Penang,Bronze,E-Wallet,Electronics,2025-02-11,2025-07-16 11:46:11,2026-06-19 21:40:09,514,20,0.29,2.8,1
CUST0086,1726.15,5,215.76875,11,28,Female,Kuala Lumpur,Bronze,Online Banking,Beauty,2025-10-09,2025-10-05 12:54:43,2026-01-25 19:15:50,274,166,0.55,2.2,0
CUST0087,780.3199999999999,2,156.064,5,54,Male,Melaka,Bronze,Online Banking,Fashion,2025-09-16,2025-12-25 21:07:05,2026-04-06 18:43:57,297,95,0.2,2.5,0
CUST0088,4559.38,6,414.4890909090909,15,33,Female,Melaka,Bronze,Credit Card,Beauty,2026-02-04,2025-07-11 09:59:08,2026-06-30 23:23:59,156,9,1.15,2.5,1
CUST0089,3129.82,5,347.7577777777778,9,25,Female,Melaka,Bronze,E-Wallet,Beauty,2024-10-25,2025-09-29 12:11:20,2026-06-15 21:16:57,623,24,0.24,1.8,1
CUST0090,65.6,1,65.6,1,29,Female,Kuala Lumpur,Bronze,Credit Card,Beauty,2024-10-07,2026-02-13 20:20:24,2026-02-13 20:20:24,641,147,0.05,1.0,0
CUST0091,2493.4,5,311.675,10,31,Female,Johor Bahru,Bronze,Credit Card,Fashion,2026-04-20,2025-08-20 17:15:20,2026-04-18 22:21:32,81,82,1.85,2.0,0
CUST0092,4335.77,5,433.57700000000006,12,39,Male,Kuala Lumpur,Silver,Online Banking,Home,2025-09-11,2025-12-10 18:38:26,2026-07-05 12:42:59,302,5,0.5,2.4,1
CUST0093,1604.73,4,229.24714285714285,15,59,Male,Johor Bahru,Silver,Credit Card,Beauty,2025-10-28,2025-08-18 19:42:52,2026-05-09 12:20:53,255,62,0.47,3.75,0
CUST0094,3741.43,2,935.3575,8,43,Female,Penang,Bronze,E-Wallet,Beauty,2025-05-03,2026-02-07 19:28:50,2026-03-13 05:07:37,433,119,0.14,4.0,1
CUST0095,487.06,2,243.53,4,31,Female,Penang,Gold,Debit Card,Beauty,2026-05-30,2026-01-17 19:17:44,2026-06-02 19:53:41,41,38,1.46,2.0,0
CUST0096,2727.63,4,389.6614285714286,9,30,Female,Penang,Bronze,Credit Card,Sports,2026-03-04,2025-09-04 10:26:36,2026-05-16 14:36:05,128,55,0.94,2.25,0
CUST0097,2130.08,2,304.29714285714283,15,30,Male,Kuala Lumpur,Bronze,Credit Card,Electronics,2025-10-09,2025-09-29 22:53:26,2026-01-01 07:03:58,274,190,0.22,7.5,0
CUST0098,1814.4699999999998,6,201.60777777777776,14,43,Female,Melaka,Silver,Debit Card,Beauty,2026-06-20,2025-07-28 01:52:23,2026-06-08 11:21:22,20,32,9.0,2.33,0
CUST0099,632.0799999999999,1,316.03999999999996,2,38,Male,Kuala Lumpur,Bronze,E-Wallet,Electronics,2025-06-11,2025-07-28 22:43:34,2025-07-28 22:43:34,394,346,0.08,2.0,0
CUST0100,1910.33,2,382.066,8,40,Male,Ipoh,Bronze,E-Wallet,Sports,2026-06-25,2026-01-20 17:01:47,2026-07-07 20:23:13,15,3,4.0,4.0,0
CUST0101,3866.42,6,351.4927272727273,15,28,Male,Johor Bahru,Gold,E-Wallet,Beauty,2025-03-14,2025-10-04 11:00:59,2026-04-30 20:18:11,483,71,0.37,2.5,1
CUST0102,2649.0299999999997,3,378.43285714285713,10,26,Female,Kuala Lumpur,Bronze,Credit Card,Electronics,2025-05-31,2025-07-23 09:47:53,2026-04-24 16:55:47,405,77,0.22,3.33,0
CUST0103,3080.7799999999997,5,280.0709090909091,15,31,Female,Shah Alam,Silver,Credit Card,Sports,2024-12-26,2025-07-20 15:06:03,2026-01-29 18:11:47,561,162,0.27,3.0,1
CUST0104,4215.26,2,843.052,12,28,Female,Kuala Lumpur,Bronze,E-Wallet,Electronics,2026-06-25,2025-09-04 16:08:06,2026-02-07 17:14:15,15,153,4.0,6.0,1
CUST0105,868.8100000000001,3,173.762,7,36,Male,Shah Alam,Bronze,Credit Card,Electronics,2026-05-05,2025-10-17 20:13:07,2026-04-22 14:40:48,66,79,1.36,2.33,0
CUST0106,834.6600000000001,3,166.93200000000002,5,41,Male,Kuala Lumpur,Silver,E-Wallet,Fashion,2025-03-13,2025-10-07 21:15:51,2026-05-26 18:04:27,484,45,0.19,1.67,0
CUST0107,2317.34,5,257.4822222222222,12,28,Female,Ipoh,Bronze,E-Wallet,Beauty,2026-04-18,2025-08-25 20:12:56,2025-12-31 20:20:47,83,191,1.81,2.4,0
CUST0108,4426.54,6,402.4127272727273,19,48,Female,Kuala Lumpur,Bronze,Debit Card,Beauty,2026-01-15,2025-09-11 20:01:15,2026-04-15 09:50:48,176,86,1.02,3.17,1
CUST0110,2318.93,2,579.7325,5,53,Male,Penang,Silver,Credit Card,Beauty,2025-10-05,2025-12-03 20:10:12,2026-07-06 16:13:27,278,4,0.22,2.5,0
CUST0111,688.3,4,137.66,9,64,Female,Johor Bahru,Platinum,Online Banking,Fashion,2025-11-08,2025-10-18 19:34:24,2026-05-20 18:59:36,244,51,0.49,2.25,0
CUST0112,3613.63,2,903.4075,6,41,Female,Ipoh,Bronze,Credit Card,Home,2025-02-12,2025-12-04 13:15:33,2026-05-20 13:02:43,513,51,0.12,3.0,1
CUST0113,3864.35,6,351.30454545454546,16,38,Female,Shah Alam,Silver,Debit Card,Beauty,2024-12-29,2025-08-08 21:46:45,2026-06-28 16:29:06,558,12,0.32,2.67,1
CUST0114,91.0,1,91.0,1,29,Male,Kuala Lumpur,Silver,E-Wallet,Home,2025-08-26,2026-05-08 19:25:50,2026-05-08 19:25:50,318,63,0.09,1.0,0
CUST0115,1247.31,2,415.77,4,37,Female,Johor Bahru,Bronze,E-Wallet,Beauty,2025-09-25,2026-01-10 22:37:51,2026-03-24 18:37:49,288,108,0.21,2.0,0
CUST0116,1106.1499999999999,2,368.71666666666664,3,30,Male,Kuala Lumpur,Bronze,Credit Card,Beauty,2024-08-06,2025-08-28 08:58:46,2025-10-08 20:36:47,703,274,0.09,1.5,0
CUST0117,1109.34,3,277.335,6,25,Female,Kuala Lumpur,Silver,Online Banking,Electronics,2025-05-08,2025-10-16 22:47:13,2026-01-31 12:17:38,428,160,0.21,2.0,0
CUST0118,2128.0,3,709.3333333333334,4,21,Female,Penang,Bronze,Credit Card,Electronics,2026-05-08,2025-11-20 12:27:59,2026-05-10 05:12:59,63,61,1.43,1.33,0
CUST0119,7027.0599999999995,5,638.8236363636363,15,27,Male,Penang,Gold,E-Wallet,Fashion,2026-01-11,2025-08-21 23:26:15,2026-06-13 07:17:59,180,27,0.83,3.0,1
CUST0120,2102.73,4,350.455,8,44,Female,Shah Alam,Silver,Credit Card,Fashion,2025-04-02,2025-11-27 05:45:14,2026-06-30 21:19:15,464,9,0.26,2.0,0
CUST0121,4885.73,6,444.1572727272727,16,18,Male,Penang,Silver,E-Wallet,Electronics,2025-01-16,2025-09-05 20:37:49,2026-05-04 22:07:06,540,66,0.33,2.67,1
CUST0122,2890.91,3,412.9871428571428,17,61,Female,Penang,Silver,Cash on Delivery,Beauty,2025-03-05,2025-07-11 14:34:36,2026-04-19 01:30:30,492,82,0.18,5.67,1
CUST0123,1728.93,1,1728.93,3,40,Female,Kuala Lumpur,Bronze,Online Banking,Sports,2025-05-03,2026-05-24 06:47:18,2026-05-24 06:47:18,433,47,0.07,3.0,0
CUST0124,1500.05,4,300.01,8,19,Male,Penang,Silver,Credit Card,Electronics,2024-10-16,2025-09-20 15:29:11,2026-06-08 14:32:21,632,32,0.19,2.0,0
CUST0125,2739.12,3,391.30285714285714,13,26,Male,Penang,Bronze,Credit Card,Fashion,2026-04-17,2025-07-19 19:54:05,2025-11-27 15:06:32,84,225,1.07,4.33,0
CUST0126,3789.93,6,378.993,13,19,Female,Penang,Silver,Debit Card,Home,2025-05-30,2025-09-13 17:50:09,2026-04-10 09:16:58,406,91,0.44,2.17,1
CUST0128,1701.48,3,340.296,9,33,Male,Kuala Lumpur,Bronze,Cash on Delivery,Fashion,2026-06-18,2025-12-20 17:19:59,2026-05-11 16:16:13,22,60,4.09,3.0,0
CUST0129,2586.88,3,431.1466666666667,10,33,Female,Shah Alam,Gold,E-Wallet,Electronics,2025-09-10,2026-04-18 09:52:44,2026-07-02 06:43:28,303,8,0.3,3.33,0
CUST0130,6957.42,5,695.742,14,22,Male,Kuala Lumpur,Bronze,E-Wallet,Electronics,2025-08-07,2025-08-06 19:19:21,2026-06-18 19:48:06,337,22,0.45,2.8,1
CUST0131,581.37,2,193.79,4,32,Female,Ipoh,Silver,Credit Card,Beauty,2025-09-12,2026-02-20 01:11:00,2026-05-18 11:46:40,301,53,0.2,2.0,0
CUST0132,2299.2200000000003,3,574.8050000000001,6,47,Female,Melaka,Bronze,Online Banking,Electronics,2025-06-22,2025-10-10 11:06:12,2026-05-16 05:28:46,383,55,0.23,2.0,0
CUST0133,1715.07,6,214.38375,12,26,Male,Kuala Lumpur,Silver,Credit Card,Beauty,2025-07-25,2025-08-01 09:27:13,2026-06-13 18:38:38,350,27,0.51,2.0,0
CUST0134,483.68,1,120.92,4,28,Female,Ipoh,Silver,E-Wallet,Beauty,2024-09-25,2025-09-24 15:34:42,2025-09-24 15:34:42,653,289,0.05,4.0,0
CUST0135,1811.26,7,181.126,12,41,Male,Ipoh,Bronze,Credit Card,Electronics,2025-10-08,2025-08-04 22:52:18,2026-06-30 16:03:48,275,10,0.76,1.71,0
CUST0137,5092.639999999999,6,424.3866666666666,18,43,Male,Melaka,Bronze,E-Wallet,Sports,2025-03-13,2025-07-20 19:13:42,2026-07-06 18:00:55,484,4,0.37,3.0,1
CUST0138,1404.1,4,175.5125,10,22,Female,Ipoh,Silver,Credit Card,Beauty,2026-06-06,2025-08-30 05:57:13,2026-06-16 22:16:19,34,23,3.53,2.5,0
CUST0139,55.77,1,55.77,1,48,Male,Shah Alam,Silver,Credit Card,Electronics,2025-04-07,2026-05-19 10:28:35,2026-05-19 10:28:35,459,52,0.07,1.0,0
CUST0140,254.32000000000002,2,84.77333333333334,4,64,Male,Shah Alam,Bronze,E-Wallet,Electronics,2026-05-27,2025-11-27 13:49:20,2026-05-02 20:17:42,44,69,1.36,2.0,0
CUST0141,1781.43,5,296.90500000000003,11,32,Male,Johor Bahru,Bronze,Credit Card,Electronics,2025-07-14,2025-11-01 20:32:17,2026-07-10 14:36:10,361,0,0.42,2.2,0
CUST0142,905.9200000000001,3,150.98666666666668,8,51,Female,Kuala Lumpur,Platinum,Online Banking,Beauty,2025-09-01,2025-08-08 16:10:46,2026-05-17 09:41:49,312,54,0.29,2.67,0
CUST0143,480.12,1,240.06,2,51,Female,Ipoh,Bronze,E-Wallet,Fashion,2025-01-20,2025-12-21 18:58:21,2025-12-21 18:58:21,536,201,0.06,2.0,0
CUST0144,7296.86,4,729.6859999999999,18,62,Female,Kuala Lumpur,Silver,Credit Card,Fashion,2025-11-01,2025-12-14 23:07:36,2026-06-23 18:41:18,251,17,0.48,4.5,1
CUST0145,1613.52,3,268.92,12,36,Female,Penang,Silver,E-Wallet,Sports,2025-06-05,2025-07-24 15:47:15,2026-02-26 20:16:33,400,134,0.22,4.0,0
CUST0146,1525.1,8,152.51,15,53,Male,Shah Alam,Bronze,Credit Card,Beauty,2024-08-14,2025-08-28 15:00:04,2026-06-16 11:58:21,695,24,0.35,1.88,0
CUST0147,900.18,1,300.06,6,28,Female,Penang,Silver,Online Banking,Beauty,2024-09-30,2026-05-16 11:25:33,2026-05-16 11:25:33,648,55,0.05,6.0,0
CUST0148,1264.11,3,252.82199999999997,7,19,Male,Shah Alam,Bronze,Cash on Delivery,Electronics,2024-12-17,2025-08-23 04:05:41,2026-07-09 16:44:39,570,1,0.16,2.33,0
CUST0149,591.6600000000001,3,147.91500000000002,4,50,Male,Penang,Gold,Online Banking,Electronics,2024-07-14,2025-10-31 19:26:35,2026-07-07 20:19:31,726,3,0.12,1.33,0
CUST0150,174.5,2,87.25,3,29,Female,Kuala Lumpur,Gold,E-Wallet,Beauty,2024-08-30,2025-07-20 18:14:38,2026-01-15 23:26:58,679,175,0.09,1.5,0
CUST0151,423.88,3,141.29333333333332,4,45,Male,Johor Bahru,Silver,Cash on Delivery,Electronics,2025-04-30,2025-10-16 18:36:13,2026-03-19 22:33:16,436,112,0.21,1.33,0
CUST0153,2913.73,2,582.746,7,28,Male,Ipoh,Bronze,Cash on Delivery,Beauty,2026-01-05,2025-10-31 17:57:33,2026-05-25 21:53:08,186,45,0.32,3.5,1
CUST0154,1232.45,3,410.81666666666666,6,36,Female,Johor Bahru,Bronze,Credit Card,Beauty,2025-03-22,2025-10-18 09:55:42,2026-06-15 15:58:37,475,25,0.19,2.0,0
CUST0155,964.9499999999999,3,321.65,3,31,Female,Ipoh,Bronze,Debit Card,Fashion,2024-10-28,2025-11-30 14:11:27,2026-07-02 16:35:58,620,8,0.15,1.0,0
CUST0156,47.36,1,47.36,1,25,Male,Kuala Lumpur,Bronze,Online Banking,Beauty,2025-06-02,2025-10-29 20:59:40,2025-10-29 20:59:40,403,253,0.07,1.0,0
CUST0157,32.29,1,32.29,1,47,Female,Kuala Lumpur,Bronze,Credit Card,Beauty,2024-08-27,2026-01-15 21:54:32,2026-01-15 21:54:32,682,175,0.04,1.0,0
CUST0158,704.09,1,352.045,4,45,Male,Melaka,Bronze,E-Wallet,Beauty,2025-06-04,2026-06-04 05:58:07,2026-06-04 05:58:07,401,36,0.07,4.0,0
CUST0159,2095.42,3,299.3457142857143,10,24,Male,Kuala Lumpur,Bronze,Online Banking,Electronics,2025-09-06,2025-09-23 14:36:52,2026-03-15 12:40:08,307,117,0.29,3.33,0
CUST0160,3373.48,3,421.685,12,18,Male,Johor Bahru,Bronze,Credit Card,Sports,2026-06-09,2025-12-18 17:57:07,2026-05-14 15:38:27,31,57,2.9,4.0,1
CUST0161,1152.62,1,1152.62,2,39,Female,Ipoh,Bronze,Credit Card,Sports,2025-12-08,2025-09-13 20:28:39,2025-09-13 20:28:39,214,299,0.14,2.0,0
CUST0162,456.78,1,456.78,2,36,Female,Shah Alam,Silver,Debit Card,Home,2026-02-05,2026-06-25 18:39:22,2026-06-25 18:39:22,155,15,0.19,2.0,0
CUST0163,3459.87,6,432.48375,15,34,Male,Kuala Lumpur,Bronze,Credit Card,Beauty,2026-06-13,2025-07-12 09:07:20,2026-05-15 09:09:57,27,56,6.67,2.5,1
CUST0164,2043.99,7,185.81727272727272,11,36,Female,Shah Alam,Bronze,E-Wallet,Beauty,2025-12-01,2025-07-23 13:29:36,2026-06-16 00:42:47,221,24,0.95,1.57,0
CUST0165,912.33,3,182.466,6,41,Male,Kuala Lumpur,Bronze,Cash on Delivery,Electronics,2025-12-04,2025-11-22 13:11:03,2026-05-29 23:31:01,218,41,0.41,2.0,0
CUST0166,5848.38,6,487.365,18,30,Female,Melaka,Bronze,E-Wallet,Fashion,2024-07-22,2025-12-14 19:29:31,2026-06-17 11:36:00,718,23,0.25,3.0,1
CUST0167,2178.69,4,217.869,17,40,Female,Shah Alam,Bronze,Online Banking,Electronics,2024-09-03,2025-12-25 14:49:05,2026-05-24 18:32:58,675,47,0.18,4.25,0
CUST0168,3252.2599999999998,5,464.6085714285714,9,35,Female,Penang,Gold,Credit Card,Fashion,2024-10-12,2025-09-03 07:59:57,2025-12-24 12:55:25,636,198,0.24,1.8,1
CUST0169,1500.97,4,187.62125,10,30,Female,Johor Bahru,Silver,E-Wallet,Beauty,2025-11-15,2025-09-01 19:28:51,2026-06-14 06:47:37,237,26,0.51,2.5,0
CUST0170,6109.43,6,436.3878571428572,20,61,Female,Kuala Lumpur,Bronze,Credit Card,Fashion,2026-06-14,2025-09-23 18:38:36,2026-04-22 22:38:03,26,78,6.92,3.33,1
CUST0171,550.6,1,183.53333333333333,4,26,Female,Kuala Lumpur,Bronze,Online Banking,Electronics,2025-07-11,2025-09-13 13:00:42,2025-09-13 13:00:42,364,300,0.08,4.0,0
CUST0172,1008.62,4,201.724,10,35,Male,Johor Bahru,Bronze,E-Wallet,Fashion,2026-04-08,2026-03-10 17:22:22,2026-06-18 23:56:59,93,21,1.29,2.5,0
CUST0173,186.04,2,93.02,2,44,Male,Ipoh,Bronze,E-Wallet,Beauty,2025-06-02,2026-02-15 19:57:02,2026-04-02 10:06:00,403,99,0.15,1.0,0
CUST0174,571.87,1,285.935,4,59,Female,Shah Alam,Silver,Online Banking,Fashion,2025-05-08,2025-12-27 15:38:13,2025-12-27 15:38:13,428,195,0.07,4.0,0
CUST0175,4145.32,4,376.8472727272727,16,59,Female,Penang,Bronze,E-Wallet,Beauty,2026-03-14,2025-09-09 20:01:40,2026-05-30 20:18:41,118,41,1.02,4.0,1
CUST0176,3154.16,5,450.5942857142857,10,57,Female,Shah Alam,Bronze,E-Wallet,Home,2025-06-16,2025-08-09 12:43:09,2026-04-08 08:14:13,389,93,0.39,2.0,1
CUST0177,2808.87,4,468.145,8,30,Male,Ipoh,Silver,E-Wallet,Home,2025-09-27,2025-08-27 17:54:06,2026-04-26 17:10:34,286,75,0.42,2.0,1
CUST0178,1758.72,3,351.744,7,25,Male,Ipoh,Silver,Online Banking,Home,2025-06-08,2025-07-19 08:56:30,2026-03-13 14:36:16,397,119,0.23,2.33,0
CUST0179,2985.34,4,497.5566666666667,10,37,Female,Johor Bahru,Bronze,Credit Card,Fashion,2024-10-21,2025-07-17 12:17:38,2026-02-13 20:29:11,627,146,0.19,2.5,1
CUST0180,3350.65,4,558.4416666666667,9,34,Male,Penang,Bronze,E-Wallet,Electronics,2025-07-26,2025-07-25 03:02:31,2026-05-16 15:32:04,349,55,0.34,2.25,1
CUST0181,1505.87,3,301.174,8,62,Male,Shah Alam,Silver,E-Wallet,Fashion,2025-04-17,2025-10-08 20:55:27,2026-02-15 09:59:10,449,145,0.2,2.67,0
CUST0182,3548.27,3,887.0675,8,65,Female,Ipoh,Bronze,Credit Card,Electronics,2024-09-22,2025-10-21 05:55:54,2026-03-11 17:20:48,656,121,0.14,2.67,1
CUST0184,1303.6399999999999,3,260.72799999999995,5,27,Female,Johor Bahru,Silver,Credit Card,Fashion,2026-02-07,2025-09-24 14:01:24,2026-06-28 19:56:49,153,12,0.59,1.67,0
CUST0185,4608.82,6,460.88199999999995,14,23,Female,Penang,Bronze,Online Banking,Beauty,2025-01-10,2025-07-15 13:29:32,2026-07-09 12:42:40,546,1,0.33,2.33,1
CUST0186,1197.54,2,299.385,5,53,Female,Penang,Silver,Credit Card,Fashion,2026-02-13,2025-07-25 21:54:28,2025-10-07 15:40:42,147,276,0.41,2.5,0
CUST0187,938.25,4,234.5625,5,60,Male,Shah Alam,Silver,Credit Card,Fashion,2025-11-26,2025-12-01 08:55:49,2026-07-09 09:42:53,226,1,0.53,1.25,0
CUST0188,948.6800000000001,3,189.73600000000002,7,31,Male,Penang,Platinum,E-Wallet,Sports,2026-07-06,2025-09-19 10:25:02,2026-06-27 21:30:01,4,12,22.5,2.33,0
CUST0189,2591.81,3,370.25857142857143,11,37,Male,Melaka,Silver,Online Banking,Electronics,2025-12-15,2025-09-24 22:21:51,2026-05-27 19:04:04,207,44,0.43,3.67,0
CUST0190,815.74,2,407.87,3,34,Female,Kuala Lumpur,Bronze,E-Wallet,Beauty,2026-06-25,2025-11-26 10:39:04,2026-07-01 05:23:36,15,9,4.0,1.5,0
CUST0191,1244.87,3,414.95666666666665,4,41,Female,Shah Alam,Bronze,Online Banking,Fashion,2026-03-21,2025-11-15 04:05:53,2026-04-17 18:46:44,111,84,0.81,1.33,0
CUST0192,3929.6899999999996,7,436.6322222222222,14,59,Female,Penang,Silver,E-Wallet,Sports,2026-06-03,2025-07-20 14:38:08,2026-07-08 13:30:35,37,2,5.68,2.0,1
CUST0193,808.81,4,134.80166666666665,8,63,Male,Johor Bahru,Bronze,E-Wallet,Electronics,2025-07-31,2025-09-19 11:37:56,2026-03-18 13:55:22,344,114,0.35,2.0,0
CUST0194,96.87,1,96.87,3,38,Male,Johor Bahru,Bronze,Debit Card,Beauty,2025-04-17,2025-07-19 19:35:08,2025-07-19 19:35:08,449,356,0.07,3.0,0
CUST0195,72.08,1,72.08,1,58,Female,Penang,Bronze,Credit Card,Fashion,2025-11-28,2026-05-22 23:26:22,2026-05-22 23:26:22,224,48,0.13,1.0,0
CUST0196,2088.3700000000003,6,298.33857142857147,10,37,Female,Ipoh,Bronze,Credit Card,Home,2026-06-16,2025-08-01 22:35:02,2026-06-08 18:36:03,24,32,7.5,1.67,0
CUST0197,6004.84,6,857.8342857142858,12,52,Male,Melaka,Bronze,Debit Card,Home,2025-07-15,2025-08-30 03:48:17,2026-06-07 20:37:27,360,32,0.5,2.0,1
CUST0198,567.11,3,189.03666666666666,3,33,Female,Melaka,Bronze,Debit Card,Electronics,2025-04-04,2025-09-27 18:48:31,2026-05-04 10:55:58,462,67,0.19,1.0,0
CUST0199,2411.54,4,241.154,16,54,Female,Kuala Lumpur,Silver,Credit Card,Fashion,2025-12-16,2025-09-30 17:51:04,2026-04-24 13:05:10,206,77,0.58,4.0,0
CUST0200,620.71,4,88.67285714285715,8,59,Male,Johor Bahru,Gold,Credit Card,Sports,2025-06-02,2025-12-17 10:00:10,2026-05-03 19:02:50,403,68,0.3,2.0,0
CUST0201,605.73,3,151.4325,5,30,Male,Johor Bahru,Platinum,Credit Card,Beauty,2026-05-05,2026-04-07 15:16:11,2026-04-20 14:12:15,66,81,1.36,1.67,0
CUST0202,2431.03,6,202.58583333333334,16,26,Male,Johor Bahru,Bronze,E-Wallet,Beauty,2025-03-18,2025-08-31 08:03:07,2026-07-09 20:16:59,479,1,0.38,2.67,0
CUST0203,3032.9300000000003,3,606.586,10,38,Female,Penang,Bronze,Credit Card,Fashion,2025-10-08,2025-11-05 19:01:52,2026-02-07 06:38:44,275,153,0.33,3.33,1
CUST0204,1115.23,5,185.87166666666667,9,44,Male,Johor Bahru,Bronze,Credit Card,Beauty,2025-03-12,2025-07-14 21:33:58,2026-02-09 15:53:31,485,151,0.31,1.8,0
CUST0205,3160.67,4,526.7783333333333,13,20,Female,Ipoh,Silver,Credit Card,Electronics,2025-01-18,2025-09-28 09:30:11,2026-06-16 20:20:06,538,24,0.22,3.25,1
CUST0206,371.12,2,185.56,3,33,Female,Ipoh,Gold,Credit Card,Fashion,2025-10-21,2026-01-11 14:56:26,2026-05-31 13:46:38,262,40,0.23,1.5,0
CUST0207,3559.15,4,508.45,13,36,Female,Kuala Lumpur,Bronze,E-Wallet,Beauty,2024-08-21,2025-12-11 17:52:05,2026-06-05 12:56:50,688,35,0.17,3.25,1
CUST0208,2539.5699999999997,2,507.91399999999993,9,54,Female,Shah Alam,Bronze,Debit Card,Fashion,2026-07-01,2026-02-19 16:51:38,2026-06-11 20:39:21,9,28,6.67,4.5,0
CUST0209,852.06,2,284.02,3,35,Female,Ipoh,Bronze,Debit Card,Beauty,2025-06-02,2025-10-03 13:10:20,2026-02-21 19:53:12,403,139,0.15,1.5,0
CUST0210,4884.18,6,305.26125,19,26,Female,Penang,Platinum,E-Wallet,Electronics,2026-05-22,2025-08-16 07:42:04,2026-07-08 11:11:33,49,2,3.67,3.17,1
CUST0211,4923.14,7,289.5964705882353,26,44,Male,Johor Bahru,Gold,Debit Card,Beauty,2024-07-25,2025-08-01 08:01:35,2026-05-23 08:55:43,715,48,0.29,3.71,1
CUST0212,3087.09,5,385.88625,10,53,Female,Penang,Bronze,E-Wallet,Fashion,2025-07-05,2025-07-18 06:26:38,2026-02-27 01:33:52,370,133,0.41,2.0,1
CUST0213,1501.0500000000002,3,250.17500000000004,9,47,Female,Shah Alam,Bronze,E-Wallet,Fashion,2025-12-22,2025-07-19 15:11:29,2026-04-29 11:14:27,200,72,0.45,3.0,0
CUST0214,1163.8899999999999,1,290.97249999999997,7,41,Male,Melaka,Platinum,E-Wallet,Fashion,2025-07-12,2026-06-25 09:13:19,2026-06-25 09:13:19,363,15,0.08,7.0,0
CUST0215,395.65,3,131.88333333333333,4,34,Female,Kuala Lumpur,Silver,Credit Card,Beauty,2026-02-10,2025-10-02 17:34:34,2026-05-20 20:03:02,150,51,0.6,1.33,0
CUST0216,556.41,1,185.47,3,35,Female,Ipoh,Gold,E-Wallet,Fashion,2024-08-11,2026-06-30 06:55:51,2026-06-30 06:55:51,698,10,0.04,3.0,0
CUST0217,3639.98,4,519.9971428571429,12,49,Male,Kuala Lumpur,Bronze,E-Wallet,Fashion,2025-03-05,2025-07-26 11:38:34,2026-01-05 16:19:25,492,186,0.24,3.0,1
CUST0218,3144.11,4,393.01375,16,38,Male,Johor Bahru,Silver,Credit Card,Home,2025-07-02,2025-07-24 09:00:32,2026-05-24 20:26:32,373,47,0.32,4.0,1
CUST0219,1240.94,4,248.18800000000002,8,22,Male,Shah Alam,Silver,Credit Card,Home,2026-02-11,2025-10-02 16:07:44,2026-02-08 06:13:08,149,152,0.81,2.0,0
CUST0220,1362.56,3,227.09333333333333,10,58,Male,Kuala Lumpur,Bronze,Debit Card,Sports,2025-09-04,2025-08-31 08:18:21,2025-12-25 10:09:55,309,197,0.29,3.33,0
CUST0221,3681.6,5,283.2,17,29,Male,Kuala Lumpur,Silver,Debit Card,Beauty,2024-08-01,2025-07-26 10:39:38,2026-03-03 10:25:12,708,129,0.21,3.4,1
CUST0222,861.67,2,287.2233333333333,3,43,Female,Kuala Lumpur,Bronze,E-Wallet,Electronics,2025-07-10,2025-09-05 19:53:23,2025-09-14 16:58:58,365,299,0.16,1.5,0
CUST0223,3503.02,5,437.8775,11,40,Male,Johor Bahru,Bronze,Debit Card,Home,2025-03-03,2025-09-19 02:59:17,2026-06-26 22:57:24,494,13,0.3,2.2,1
CUST0224,2459.97,2,491.99399999999997,6,52,Male,Kuala Lumpur,Bronze,Credit Card,Electronics,2025-03-24,2025-12-24 08:07:23,2026-01-08 21:49:09,473,182,0.13,3.0,0
CUST0225,2168.79,4,433.758,5,28,Male,Johor Bahru,Silver,Credit Card,Beauty,2025-08-20,2025-08-08 07:36:07,2026-07-05 19:51:33,324,5,0.37,1.25,0
CUST0226,1156.19,3,385.3966666666667,4,30,Female,Melaka,Silver,Credit Card,Electronics,2025-03-20,2025-09-21 08:16:19,2026-05-30 21:19:33,477,40,0.19,1.33,0
CUST0227,3128.3999999999996,5,312.84,10,39,Male,Ipoh,Silver,Online Banking,Electronics,2026-02-27,2025-07-15 08:38:35,2026-01-03 17:38:12,133,188,1.13,2.0,1
CUST0228,3592.16,6,299.34666666666664,23,40,Male,Johor Bahru,Gold,E-Wallet,Beauty,2025-10-31,2025-07-18 18:29:40,2026-06-18 14:42:27,252,22,0.71,3.83,1
CUST0229,3314.2799999999997,5,368.25333333333333,13,50,Male,Johor Bahru,Bronze,Cash on Delivery,Electronics,2025-10-02,2025-08-15 17:50:39,2026-06-18 15:14:53,281,22,0.53,2.6,1
CUST0230,973.35,2,486.675,4,41,Female,Ipoh,Silver,Debit Card,Fashion,2025-03-07,2025-11-29 14:59:32,2026-02-11 09:00:08,490,149,0.12,2.0,0
CUST0231,3521.9,7,391.32222222222225,11,52,Female,Johor Bahru,Gold,E-Wallet,Home,2025-06-23,2025-11-26 04:35:42,2026-07-06 19:47:20,382,4,0.55,1.57,1
CUST0232,5681.98,10,355.12375,21,30,Female,Penang,Silver,E-Wallet,Beauty,2024-12-25,2025-09-22 21:51:41,2026-06-26 08:30:42,562,14,0.53,2.1,1
CUST0233,3376.59,4,675.318,11,23,Female,Kuala Lumpur,Silver,E-Wallet,Electronics,2026-07-07,2025-08-26 15:47:17,2026-04-05 21:32:51,3,95,40.0,2.75,1
CUST0234,2457.0899999999997,4,409.51499999999993,7,25,Male,Johor Bahru,Platinum,E-Wallet,Sports,2025-09-22,2025-07-29 19:34:13,2026-02-20 19:13:42,291,140,0.41,1.75,0
CUST0235,1716.26,5,245.18,9,58,Female,Shah Alam,Bronze,E-Wallet,Electronics,2025-06-16,2025-10-15 14:56:18,2026-06-29 22:19:21,389,10,0.39,1.8,0
CUST0236,1373.1999999999998,2,343.29999999999995,6,36,Female,Shah Alam,Silver,Debit Card,Beauty,2024-07-19,2025-08-23 15:58:01,2026-05-26 15:43:01,721,45,0.08,3.0,0
CUST0237,2946.42,6,294.642,10,25,Male,Melaka,Bronze,E-Wallet,Home,2026-03-05,2025-07-31 10:21:43,2026-06-25 13:26:07,127,15,1.42,1.67,1
CUST0238,722.41,6,103.20142857142856,8,53,Female,Ipoh,Platinum,Credit Card,Beauty,2024-07-13,2025-08-02 09:26:11,2026-06-14 19:06:11,727,26,0.25,1.33,0
CUST0239,1027.47,4,205.494,7,50,Female,Penang,Silver,Debit Card,Electronics,2025-10-29,2025-08-06 08:49:47,2026-07-06 13:10:33,254,4,0.47,1.75,0
CUST0240,669.14,3,133.828,6,38,Male,Penang,Silver,Credit Card,Sports,2024-10-02,2025-08-17 17:56:26,2026-05-17 17:32:07,646,54,0.14,2.0,0
CUST0241,2344.7,2,468.93999999999994,6,40,Female,Shah Alam,Gold,Credit Card,Sports,2026-01-06,2026-05-20 04:27:01,2026-06-07 13:24:46,185,33,0.32,3.0,0
CUST0242,642.33,2,214.11,5,28,Male,Kuala Lumpur,Gold,E-Wallet,Beauty,2026-03-04,2025-07-12 09:07:22,2026-04-16 19:53:28,128,85,0.47,2.5,0
CUST0243,4361.26,5,545.1575,12,58,Female,Kuala Lumpur,Bronze,E-Wallet,Fashion,2024-09-04,2025-08-10 14:46:17,2026-07-09 01:15:57,674,1,0.22,2.4,1
CUST0244,2179.06,5,242.11777777777777,14,57,Female,Penang,Bronze,E-Wallet,Beauty,2026-03-25,2025-07-18 19:15:14,2026-04-12 07:15:29,107,89,1.4,2.8,0
CUST0245,1886.02,4,377.204,10,61,Male,Penang,Bronze,Credit Card,Fashion,2026-02-20,2025-08-28 21:14:33,2026-04-05 21:31:05,140,95,0.86,2.5,0
CUST0246,414.99,3,103.7475,5,55,Male,Kuala Lumpur,Bronze,Credit Card,Sports,2025-12-19,2026-04-21 21:41:33,2026-06-19 20:09:55,203,21,0.44,1.67,0
CUST0247,389.36,3,97.34,4,46,Female,Melaka,Bronze,Debit Card,Fashion,2025-08-08,2025-07-27 17:11:58,2026-05-21 21:41:23,336,49,0.27,1.33,0
CUST0248,1452.99,4,181.62375,10,26,Female,Penang,Bronze,Credit Card,Fashion,2026-01-22,2025-09-19 12:28:23,2026-03-17 20:45:05,169,114,0.71,2.5,0
CUST0249,2022.56,4,202.256,14,33,Male,Melaka,Bronze,Online Banking,Beauty,2026-04-05,2025-07-13 23:50:04,2026-05-25 18:09:52,96,46,1.25,3.5,0
CUST0250,1009.74,4,252.435,5,35,Male,Melaka,Gold,Credit Card,Beauty,2026-07-04,2026-04-08 08:36:52,2026-06-25 08:30:29,6,15,20.0,1.25,0
CUST0251,1683.46,3,420.865,7,43,Male,Johor Bahru,Platinum,Debit Card,Sports,2025-11-13,2025-07-19 14:27:47,2026-02-04 13:53:00,239,156,0.38,2.33,0
CUST0252,2456.7599999999998,4,409.46,8,33,Male,Kuala Lumpur,Bronze,Credit Card,Fashion,2026-05-25,2025-12-20 14:54:15,2026-03-22 12:44:43,46,110,2.61,2.0,0
CUST0253,950.13,2,190.026,7,35,Female,Ipoh,Silver,Online Banking,Sports,2024-12-06,2025-10-22 19:57:16,2026-05-13 15:57:21,581,58,0.1,3.5,0
CUST0254,694.5699999999999,3,138.914,7,19,Female,Shah Alam,Bronze,E-Wallet,Sports,2024-12-27,2025-11-12 19:55:55,2026-06-01 17:55:04,560,39,0.16,2.33,0
CUST0255,2754.09,4,393.4414285714286,8,39,Male,Kuala Lumpur,Silver,Credit Card,Fashion,2025-09-19,2026-01-29 03:28:14,2026-05-25 08:51:20,294,46,0.41,2.0,0
CUST0256,3515.02,5,292.91833333333335,18,28,Male,Shah Alam,Bronze,Online Banking,Beauty,2025-02-13,2025-10-18 12:23:33,2026-03-12 19:32:35,512,120,0.29,3.6,1
CUST0257,261.51,1,130.755,2,56,Male,Kuala Lumpur,Gold,E-Wallet,Fashion,2024-08-12,2026-06-05 19:57:08,2026-06-05 19:57:08,697,35,0.04,2.0,0
CUST0258,793.29,2,264.43,5,25,Male,Kuala Lumpur,Bronze,Online Banking,Electronics,2025-04-10,2026-01-11 18:42:45,2026-06-08 21:08:05,456,31,0.13,2.5,0
CUST0260,6554.56,5,655.456,19,31,Male,Kuala Lumpur,Bronze,E-Wallet,Electronics,2026-05-14,2025-07-17 12:35:34,2026-01-22 22:25:20,57,168,2.63,3.8,1
CUST0261,1277.82,2,425.94,6,38,Female,Ipoh,Bronze,E-Wallet,Electronics,2025-09-22,2025-10-26 20:09:10,2026-07-09 21:15:02,291,0,0.21,3.0,0
CUST0262,603.1,2,301.55,4,37,Female,Kuala Lumpur,Bronze,E-Wallet,Fashion,2025-02-15,2025-08-13 16:02:02,2025-11-27 16:19:32,510,225,0.12,2.0,0
CUST0264,5411.61,8,450.9675,19,35,Female,Melaka,Bronze,Credit Card,Beauty,2025-10-26,2025-08-30 15:03:29,2026-06-27 17:06:12,257,13,0.93,2.38,1
CUST0265,1850.35,4,308.39166666666665,6,33,Male,Ipoh,Bronze,Online Banking,Beauty,2026-01-16,2025-09-18 23:02:50,2026-04-12 13:27:29,175,89,0.69,1.5,0
CUST0266,1234.25,2,308.5625,4,22,Female,Kuala Lumpur,Silver,Cash on Delivery,Beauty,2024-07-20,2025-09-03 20:18:41,2026-02-18 18:06:22,720,142,0.08,2.0,0
CUST0267,3569.92,6,297.49333333333334,22,29,Male,Johor Bahru,Bronze,E-Wallet,Beauty,2025-08-29,2025-08-26 18:44:42,2026-06-06 23:48:36,315,33,0.57,3.67,1
CUST0268,1313.56,3,328.39,5,65,Male,Johor Bahru,Bronze,Debit Card,Home,2024-11-08,2026-01-16 12:47:52,2026-02-13 21:36:23,609,146,0.15,1.67,0
CUST0269,687.79,2,229.26333333333332,4,24,Female,Ipoh,Gold,E-Wallet,Electronics,2026-06-08,2025-11-23 14:53:22,2025-12-14 21:08:51,32,207,1.88,2.0,0
CUST0270,503.98,4,125.995,7,48,Female,Ipoh,Bronze,Debit Card,Beauty,2024-12-25,2025-10-17 16:26:34,2026-04-03 18:38:19,562,98,0.21,1.75,0
CUST0271,6979.69,8,436.230625,21,28,Male,Penang,Bronze,E-Wallet,Fashion,2025-06-30,2025-11-01 21:46:17,2026-07-08 19:54:41,375,2,0.64,2.62,1
CUST0272,1694.2,4,211.775,10,23,Male,Penang,Silver,Credit Card,Home,2026-02-23,2025-08-16 21:13:33,2026-05-16 17:32:33,137,55,0.88,2.5,0
CUST0273,4915.75,7,378.13461538461536,20,26,Male,Melaka,Bronze,E-Wallet,Fashion,2024-11-26,2025-08-01 09:17:07,2026-06-16 13:52:40,591,24,0.36,2.86,1
CUST0274,3644.35,5,364.435,13,23,Female,Kuala Lumpur,Silver,Debit Card,Electronics,2025-08-26,2025-11-14 16:39:17,2026-04-21 18:11:54,318,80,0.47,2.6,1
CUST0275,177.86,2,88.93,2,39,Female,Johor Bahru,Silver,Debit Card,Sports,2025-06-21,2026-02-26 07:43:47,2026-04-06 10:07:16,384,95,0.16,1.0,0
CUST0276,2339.25,3,584.8125,7,25,Male,Penang,Silver,Credit Card,Electronics,2026-06-23,2025-09-29 00:29:53,2026-03-07 14:37:42,17,125,5.29,2.33,0
CUST0277,2376.64,5,339.52,10,54,Female,Ipoh,Platinum,E-Wallet,Home,2025-06-21,2025-08-08 22:28:17,2026-01-09 06:08:24,384,182,0.39,2.0,0
CUST0278,2564.93,4,256.493,12,32,Female,Johor Bahru,Bronze,Online Banking,Sports,2026-06-11,2025-07-17 20:12:11,2026-07-05 16:56:49,29,5,4.14,3.0,0
CUST0279,1000.4300000000001,3,250.10750000000002,5,28,Female,Kuala Lumpur,Gold,E-Wallet,Fashion,2025-08-25,2025-11-22 17:11:05,2026-07-04 20:42:23,319,5,0.28,1.67,0
CUST0280,640.5699999999999,2,320.28499999999997,2,47,Male,Johor Bahru,Silver,E-Wallet,Fashion,2026-01-04,2026-03-01 11:29:00,2026-04-10 17:50:58,187,91,0.32,1.0,0
CUST0281,1089.84,3,272.46,8,63,Female,Shah Alam,Silver,E-Wallet,Fashion,2025-04-24,2025-11-13 15:07:30,2026-02-20 11:44:14,442,140,0.2,2.67,0
CUST0282,903.46,3,150.57666666666668,7,19,Female,Melaka,Gold,E-Wallet,Beauty,2026-05-27,2025-10-02 18:20:36,2026-03-25 12:44:04,44,107,2.05,2.33,0
CUST0283,3586.94,5,224.18375,23,27,Male,Ipoh,Bronze,Debit Card,Beauty,2025-12-12,2025-08-16 18:46:43,2026-04-27 07:17:26,210,74,0.71,4.6,1
CUST0284,381.61,3,76.322,5,18,Male,Shah Alam,Silver,Credit Card,Beauty,2024-09-13,2025-11-23 13:15:30,2026-04-19 09:18:52,665,82,0.14,1.67,0
CUST0285,2226.41,3,445.282,13,25,Male,Johor Bahru,Bronze,E-Wallet,Electronics,2025-08-20,2025-10-22 13:53:44,2025-12-10 20:56:40,324,211,0.28,4.33,0
CUST0286,2583.2200000000003,6,258.322,15,28,Female,Penang,Bronze,Credit Card,Beauty,2024-07-18,2025-08-31 18:10:32,2026-06-24 21:15:39,722,15,0.25,2.5,0
CUST0287,1782.37,4,254.6242857142857,11,45,Male,Shah Alam,Silver,Online Banking,Electronics,2024-11-09,2025-08-10 09:56:42,2026-06-14 10:32:22,608,26,0.2,2.75,0
CUST0288,1624.5,5,232.07142857142858,8,21,Male,Kuala Lumpur,Silver,E-Wallet,Beauty,2026-02-01,2025-08-07 20:42:41,2026-04-22 19:08:15,159,79,0.94,1.6,0
CUST0289,273.0,1,273.0,3,29,Female,Ipoh,Bronze,E-Wallet,Home,2024-09-25,2025-09-23 11:40:02,2025-09-23 11:40:02,653,290,0.05,3.0,0
CUST0290,196.93,1,98.465,2,29,Male,Shah Alam,Bronze,Credit Card,Home,2025-03-10,2025-07-12 18:14:19,2025-07-12 18:14:19,487,363,0.06,2.0,0
CUST0291,562.31,3,112.46199999999999,5,30,Male,Ipoh,Bronze,Online Banking,Beauty,2024-12-02,2025-08-30 14:10:06,2026-02-24 19:23:45,585,136,0.15,1.67,0
CUST0292,2216.4900000000002,4,316.6414285714286,10,20,Female,Penang,Silver,Online Banking,Fashion,2025-03-04,2025-10-08 19:55:15,2026-06-21 08:17:57,493,19,0.24,2.5,0
CUST0293,1350.93,5,225.155,8,30,Male,Kuala Lumpur,Bronze,Credit Card,Beauty,2026-01-21,2025-08-22 07:46:44,2026-04-30 14:29:48,170,71,0.88,1.6,0
CUST0294,5864.17,3,837.7385714285714,13,31,Male,Kuala Lumpur,Silver,Debit Card,Sports,2024-08-28,2025-11-21 16:50:47,2026-07-08 05:30:46,681,2,0.13,4.33,1
CUST0295,673.4,3,168.35,4,33,Male,Ipoh,Bronze,Credit Card,Beauty,2024-10-29,2025-08-14 19:11:07,2026-03-20 20:34:39,619,111,0.15,1.33,0
CUST0296,2742.59,6,228.54916666666668,20,50,Female,Kuala Lumpur,Gold,Online Banking,Fashion,2026-05-15,2025-09-05 22:03:06,2026-07-03 22:37:37,56,6,3.21,3.33,0
CUST0297,924.99,4,115.62375,10,19,Male,Melaka,Gold,Debit Card,Sports,2026-05-08,2025-11-30 22:42:42,2026-05-06 21:32:45,63,64,1.9,2.5,0
CUST0298,2931.89,4,325.7655555555555,17,39,Female,Ipoh,Bronze,Credit Card,Electronics,2025-11-16,2025-08-13 23:29:52,2026-01-29 17:46:07,236,162,0.51,4.25,1
CUST0299,1227.45,3,204.57500000000002,10,19,Male,Penang,Silver,E-Wallet,Fashion,2024-12-18,2025-11-28 17:28:04,2026-06-04 10:07:55,569,36,0.16,3.33,0
CUST0301,2262.43,5,377.07166666666666,9,28,Female,Johor Bahru,Bronze,Credit Card,Beauty,2024-10-01,2025-11-07 20:50:37,2026-06-02 06:57:41,647,38,0.23,1.8,0
CUST0302,348.28,2,87.07,4,30,Male,Penang,Bronze,Cash on Delivery,Beauty,2025-03-20,2025-11-02 20:37:23,2026-02-04 20:19:18,477,156,0.13,2.0,0
CUST0303,5244.0199999999995,11,238.36454545454544,33,37,Male,Kuala Lumpur,Bronze,E-Wallet,Fashion,2024-07-25,2025-07-15 17:10:17,2026-07-07 17:31:02,715,3,0.46,3.0,1
CUST0304,1817.78,6,181.778,13,32,Female,Ipoh,Silver,Debit Card,Fashion,2025-08-22,2025-09-27 10:20:04,2026-05-26 10:56:22,322,45,0.56,2.17,0
CUST0305,1585.37,2,528.4566666666666,5,28,Female,Kuala Lumpur,Bronze,E-Wallet,Fashion,2024-07-30,2025-08-16 19:36:24,2025-09-12 17:33:07,710,301,0.08,2.5,0
CUST0306,2209.69,3,552.4225,5,47,Female,Ipoh,Bronze,Credit Card,Electronics,2025-01-28,2025-09-25 18:37:10,2026-05-14 04:47:25,528,57,0.17,1.67,0
CUST0307,5679.16,8,473.2633333333333,17,36,Female,Shah Alam,Silver,E-Wallet,Fashion,2025-01-16,2025-08-19 10:01:45,2026-06-17 20:36:26,540,22,0.44,2.12,1
CUST0308,4952.36,6,380.9507692307692,19,59,Male,Johor Bahru,Silver,Debit Card,Fashion,2025-03-20,2025-07-27 03:31:18,2026-05-20 16:24:06,477,51,0.38,3.17,1
CUST0309,2199.24,4,314.1771428571428,8,54,Female,Johor Bahru,Bronze,E-Wallet,Home,2024-10-14,2025-08-07 14:28:07,2026-04-07 19:43:48,634,94,0.19,2.0,0
CUST0310,4390.7300000000005,6,337.7484615384616,18,34,Male,Penang,Bronze,E-Wallet,Beauty,2025-09-02,2025-08-14 15:58:52,2026-05-17 02:25:07,311,54,0.58,3.0,1
CUST0311,53.23,1,53.23,1,37,Male,Penang,Bronze,E-Wallet,Fashion,2024-11-22,2025-08-17 06:29:37,2025-08-17 06:29:37,595,327,0.05,1.0,0
CUST0312,2615.29,5,237.75363636363636,17,52,Male,Kuala Lumpur,Gold,Online Banking,Sports,2026-06-13,2025-07-24 11:32:06,2026-06-17 22:50:58,27,22,5.56,3.4,0
CUST0313,131.2,1,131.2,2,41,Female,Johor Bahru,Bronze,E-Wallet,Beauty,2024-11-08,2025-10-11 17:54:39,2025-10-11 17:54:39,609,272,0.05,2.0,0
CUST0314,1294.37,3,215.72833333333332,6,49,Female,Shah Alam,Bronze,Online Banking,Beauty,2026-01-30,2025-10-24 20:51:18,2026-05-30 10:05:45,161,41,0.56,2.0,0
CUST0315,1181.25,3,393.75,6,42,Female,Penang,Bronze,Online Banking,Electronics,2026-03-02,2025-07-19 06:24:40,2026-03-31 15:00:45,130,101,0.69,2.0,0
CUST0316,1162.77,3,290.6925,5,21,Male,Kuala Lumpur,Gold,Credit Card,Electronics,2025-12-29,2025-11-26 15:59:52,2026-04-04 10:47:00,193,97,0.47,1.67,0
CUST0318,711.96,2,237.32000000000002,3,34,Male,Penang,Bronze,E-Wallet,Beauty,2025-10-02,2025-12-22 10:52:56,2026-05-18 02:59:26,281,53,0.21,1.5,0
CUST0320,67.94,1,67.94,1,40,Male,Shah Alam,Silver,E-Wallet,Sports,2026-05-11,2025-07-16 05:14:38,2025-07-16 05:14:38,60,359,0.5,1.0,0
CUST0321,2180.91,3,363.48499999999996,8,23,Male,Ipoh,Bronze,Online Banking,Fashion,2026-01-16,2025-07-28 21:56:33,2026-03-15 22:03:16,175,116,0.51,2.67,0
CUST0322,676.15,2,112.69166666666666,10,42,Female,Melaka,Gold,Cash on Delivery,Beauty,2025-10-15,2025-08-19 15:19:56,2026-04-28 13:40:17,268,73,0.22,5.0,0
CUST0323,542.49,3,180.83,7,40,Male,Kuala Lumpur,Bronze,Debit Card,Beauty,2025-03-05,2026-02-13 20:40:30,2026-05-29 09:55:31,492,42,0.18,2.33,0
CUST0324,1359.94,2,339.985,5,44,Female,Penang,Silver,E-Wallet,Beauty,2026-03-22,2026-04-06 16:20:23,2026-04-23 12:57:21,110,78,0.55,2.5,0
CUST0325,813.9,2,271.3,8,30,Female,Penang,Silver,Online Banking,Beauty,2025-03-12,2025-08-19 17:25:14,2026-04-28 12:29:01,485,73,0.12,4.0,0
CUST0326,878.6999999999999,3,219.67499999999998,6,43,Female,Shah Alam,Silver,E-Wallet,Fashion,2025-10-09,2025-09-09 14:59:35,2026-04-21 17:31:49,274,80,0.33,2.0,0
CUST0327,865.05,3,123.57857142857142,9,38,Female,Johor Bahru,Bronze,E-Wallet,Fashion,2024-12-03,2025-09-30 19:55:18,2026-02-20 10:08:11,584,140,0.15,3.0,0
CUST0328,1743.31,2,348.662,10,32,Male,Kuala Lumpur,Bronze,Online Banking,Beauty,2025-10-30,2025-09-12 10:40:12,2026-03-18 19:56:21,253,114,0.24,5.0,0
CUST0329,1968.38,3,492.095,6,36,Female,Kuala Lumpur,Bronze,E-Wallet,Fashion,2025-12-02,2025-10-25 23:12:10,2026-05-02 10:19:20,220,69,0.41,2.0,0
CUST0331,3569.44,6,396.6044444444444,13,55,Female,Kuala Lumpur,Bronze,E-Wallet,Beauty,2025-06-23,2026-01-30 11:27:02,2026-03-21 15:22:32,382,111,0.47,2.17,1
CUST0332,3795.4399999999996,3,474.42999999999995,10,25,Female,Penang,Bronze,E-Wallet,Fashion,2025-04-14,2025-11-13 07:26:34,2026-05-12 22:22:28,452,58,0.2,3.33,1
CUST0333,652.01,2,217.33666666666667,4,48,Female,Shah Alam,Bronze,Credit Card,Fashion,2025-10-27,2025-08-11 04:53:52,2025-11-23 21:18:15,256,228,0.23,2.0,0
CUST0334,2473.34,3,353.3342857142857,7,34,Male,Ipoh,Bronze,E-Wallet,Sports,2026-03-29,2025-11-13 21:48:14,2026-07-06 21:06:43,103,3,0.87,2.33,0
CUST0335,1995.79,4,498.9475,6,30,Male,Ipoh,Bronze,Credit Card,Beauty,2026-02-07,2025-10-30 16:45:53,2026-07-09 11:55:21,153,1,0.78,1.5,0
CUST0336,622.43,3,207.47666666666666,3,30,Female,Shah Alam,Bronze,Online Banking,Beauty,2025-07-22,2025-07-20 07:40:55,2026-03-12 18:57:12,353,120,0.25,1.0,0
CUST0337,4167.88,5,378.89818181818185,12,32,Female,Melaka,Platinum,Credit Card,Home,2025-07-05,2025-09-15 20:24:41,2026-06-24 21:01:13,370,15,0.41,2.4,1
CUST0338,1975.5500000000002,3,329.2583333333334,8,30,Male,Penang,Bronze,Online Banking,Home,2025-04-17,2025-07-19 21:17:25,2026-06-14 12:41:15,449,26,0.2,2.67,0
CUST0339,1930.36,4,386.072,9,51,Female,Shah Alam,Bronze,Credit Card,Home,2024-07-21,2025-08-04 08:34:15,2026-04-25 12:39:36,719,76,0.17,2.25,0
CUST0340,1436.33,1,718.165,3,42,Male,Shah Alam,Silver,E-Wallet,Beauty,2025-10-11,2025-08-30 20:08:28,2025-08-30 20:08:28,272,314,0.11,3.0,0
CUST0341,3447.12,4,492.44571428571425,12,52,Male,Shah Alam,Bronze,Online Banking,Home,2025-01-27,2025-07-24 20:18:02,2026-03-13 12:50:52,529,119,0.23,3.0,1
CUST0342,6637.33,3,1106.2216666666666,14,29,Female,Melaka,Bronze,Online Banking,Home,2026-01-17,2025-12-03 19:51:06,2026-06-07 23:18:43,174,32,0.52,4.67,1
CUST0343,2386.84,3,795.6133333333333,6,61,Male,Kuala Lumpur,Bronze,Online Banking,Electronics,2025-01-03,2025-08-02 19:15:51,2026-07-08 22:35:51,553,1,0.16,2.0,0
CUST0345,894.53,4,127.78999999999999,8,65,Male,Penang,Bronze,Debit Card,Sports,2026-02-01,2025-09-12 21:29:42,2026-02-10 20:08:09,159,150,0.75,2.0,0
CUST0347,2545.5,4,363.64285714285717,8,30,Male,Shah Alam,Silver,E-Wallet,Electronics,2025-07-09,2025-09-13 16:55:32,2026-03-27 14:01:55,366,105,0.33,2.0,0
CUST0348,3632.46,4,726.492,9,44,Male,Penang,Bronze,E-Wallet,Electronics,2024-12-22,2025-10-11 21:25:30,2026-05-07 18:14:06,565,64,0.21,2.25,1
CUST0349,5567.33,5,1113.466,9,29,Male,Shah Alam,Bronze,E-Wallet,Electronics,2024-11-16,2025-07-20 17:18:54,2026-06-15 22:14:07,601,24,0.25,1.8,1
CUST0350,308.27,1,154.135,2,38,Female,Kuala Lumpur,Bronze,E-Wallet,Electronics,2026-05-09,2025-12-20 08:21:55,2025-12-20 08:21:55,62,202,0.48,2.0,0
CUST0351,1110.04,4,185.00666666666666,6,20,Male,Penang,Silver,Debit Card,Fashion,2024-12-19,2025-11-18 01:09:28,2026-02-11 10:26:53,568,149,0.21,1.5,0
CUST0352,2365.8900000000003,2,591.4725000000001,10,24,Male,Melaka,Silver,Credit Card,Fashion,2025-03-05,2025-09-06 11:09:12,2025-11-25 17:50:24,492,227,0.12,5.0,0
CUST0353,863.11,4,172.622,7,37,Male,Kuala Lumpur,Bronze,Online Banking,Beauty,2025-09-14,2025-09-28 18:10:53,2026-06-07 10:06:31,299,33,0.4,1.75,0
CUST0354,1412.07,2,353.0175,7,41,Male,Kuala Lumpur,Bronze,Credit Card,Sports,2024-12-26,2026-05-11 21:58:59,2026-06-29 20:55:50,561,10,0.11,3.5,0
CUST0355,1358.1,5,194.0142857142857,9,23,Female,Melaka,Bronze,Online Banking,Fashion,2024-12-05,2025-09-04 18:02:52,2026-03-15 10:30:47,582,117,0.26,1.8,0
CUST0356,2318.52,3,331.21714285714285,9,37,Female,Melaka,Silver,Credit Card,Electronics,2026-04-25,2025-09-04 20:08:30,2026-01-03 08:30:02,76,188,1.18,3.0,0
CUST0357,4237.38,4,529.6725,14,36,Male,Johor Bahru,Platinum,E-Wallet,Electronics,2026-02-28,2025-10-16 19:57:06,2026-07-06 13:12:28,132,4,0.91,3.5,1
CUST0358,1367.54,4,227.92333333333332,6,18,Male,Shah Alam,Bronze,Credit Card,Fashion,2026-05-16,2025-07-15 06:59:25,2025-12-14 18:49:36,55,208,2.18,1.5,0
CUST0359,453.14,3,151.04666666666665,3,41,Female,Shah Alam,Silver,Credit Card,Fashion,2024-10-16,2025-12-22 20:58:54,2026-05-12 08:47:38,632,59,0.14,1.0,0
CUST0360,1948.71,3,324.785,10,20,Male,Johor Bahru,Silver,Online Banking,Beauty,2025-08-04,2025-08-12 09:03:57,2026-05-16 18:57:12,340,55,0.26,3.33,0
CUST0361,248.32,1,248.32,1,48,Male,Penang,Silver,Online Banking,Fashion,2025-02-16,2025-08-09 07:56:31,2025-08-09 07:56:31,509,335,0.06,1.0,0
CUST0362,590.31,2,196.76999999999998,6,50,Female,Kuala Lumpur,Silver,Credit Card,Beauty,2025-07-19,2025-07-23 22:41:14,2026-01-31 11:26:12,356,160,0.17,3.0,0
CUST0363,2248.04,1,2248.04,4,30,Male,Kuala Lumpur,Bronze,Cash on Delivery,Electronics,2026-01-06,2025-08-31 06:48:26,2025-08-31 06:48:26,185,313,0.16,4.0,0
CUST0364,3347.2,4,557.8666666666667,9,59,Male,Johor Bahru,Platinum,Credit Card,Electronics,2024-10-12,2025-09-26 16:54:46,2026-06-28 11:35:37,636,12,0.19,2.25,1
CUST0365,200.92000000000002,2,100.46000000000001,2,29,Female,Shah Alam,Bronze,Credit Card,Home,2024-07-24,2025-09-06 15:56:50,2026-06-15 14:35:29,716,25,0.08,1.0,0
CUST0366,454.78,3,113.695,4,48,Male,Shah Alam,Bronze,E-Wallet,Home,2024-10-06,2026-05-04 22:08:09,2026-07-06 23:12:47,642,3,0.14,1.33,0
CUST0367,5504.280000000001,3,688.0350000000001,14,32,Male,Shah Alam,Silver,Cash on Delivery,Electronics,2024-07-30,2025-07-21 22:41:08,2025-12-04 13:18:22,710,218,0.13,4.67,1
CUST0368,482.37,3,160.79,5,33,Female,Melaka,Bronze,Cash on Delivery,Beauty,2024-08-03,2025-09-07 17:54:13,2026-06-17 12:02:50,706,23,0.13,1.67,0
CUST0369,2484.96,4,414.16,10,59,Female,Johor Bahru,Silver,Credit Card,Beauty,2024-09-11,2025-08-19 10:15:27,2026-05-14 19:52:20,667,57,0.18,2.5,0
CUST0370,1916.6699999999998,3,638.89,5,22,Female,Johor Bahru,Gold,Credit Card,Electronics,2026-07-02,2026-02-22 22:16:56,2026-05-17 16:54:30,8,54,11.25,1.67,0
CUST0371,457.4,2,152.46666666666667,5,31,Female,Kuala Lumpur,Silver,E-Wallet,Beauty,2025-03-01,2025-10-23 21:37:37,2025-12-17 11:21:56,496,205,0.12,2.5,0
CUST0372,5513.3099999999995,5,459.44249999999994,18,40,Male,Penang,Silver,Debit Card,Electronics,2026-02-20,2025-08-07 07:09:40,2026-06-20 19:32:40,140,20,1.07,3.6,1
CUST0373,123.71000000000001,1,61.855000000000004,2,20,Male,Shah Alam,Bronze,E-Wallet,Electronics,2025-01-01,2026-01-10 12:19:27,2026-01-10 12:19:27,555,181,0.05,2.0,0
CUST0374,2352.15,6,261.35,11,29,Female,Melaka,Gold,Credit Card,Beauty,2025-03-25,2025-07-18 21:31:46,2026-07-06 17:21:57,472,4,0.38,1.83,0
CUST0375,2886.21,7,222.01615384615386,20,42,Male,Penang,Silver,Credit Card,Beauty,2025-12-05,2026-01-04 08:52:35,2026-05-09 17:22:58,217,62,0.97,2.86,1
CUST0376,2465.54,5,224.14,14,61,Female,Kuala Lumpur,Silver,Credit Card,Beauty,2025-08-09,2025-07-21 21:50:29,2026-05-19 23:58:44,335,51,0.45,2.8,0
CUST0377,496.29999999999995,3,99.25999999999999,5,20,Female,Kuala Lumpur,Silver,Credit Card,Beauty,2026-05-10,2025-10-02 10:27:27,2026-05-30 07:56:20,61,41,1.48,1.67,0
CUST0378,1174.03,3,195.67166666666665,7,33,Male,Johor Bahru,Silver,Debit Card,Electronics,2026-05-10,2025-08-02 12:36:58,2026-01-01 13:47:16,61,190,1.48,2.33,0
CUST0379,2052.21,5,256.52625,9,61,Female,Penang,Silver,Credit Card,Fashion,2025-09-10,2025-11-02 17:04:55,2026-06-03 23:35:28,303,36,0.5,1.8,0
CUST0380,401.84000000000003,1,200.92000000000002,4,38,Female,Penang,Silver,Online Banking,Home,2025-02-25,2025-08-08 20:53:01,2025-08-08 20:53:01,500,335,0.06,4.0,0
CUST0381,895.1,2,298.3666666666667,3,24,Male,Ipoh,Bronze,E-Wallet,Sports,2025-02-18,2025-10-23 07:24:31,2026-06-21 15:55:28,507,19,0.12,1.5,0
CUST0382,2982.52,5,298.252,11,39,Male,Kuala Lumpur,Bronze,E-Wallet,Electronics,2024-08-01,2025-08-08 16:44:34,2026-03-26 16:40:29,708,106,0.21,2.2,1
CUST0383,328.0,1,328.0,5,65,Male,Kuala Lumpur,Gold,Credit Card,Beauty,2024-10-19,2026-05-02 19:30:00,2026-05-02 19:30:00,629,69,0.05,5.0,0
CUST0384,1721.1699999999998,4,191.24111111111108,12,25,Female,Shah Alam,Bronze,Online Banking,Beauty,2025-11-10,2025-10-12 22:01:16,2026-06-11 18:13:03,242,29,0.5,3.0,0
CUST0385,1056.47,3,352.1566666666667,3,35,Female,Kuala Lumpur,Silver,Credit Card,Fashion,2026-02-04,2025-12-18 15:31:28,2026-05-28 17:14:37,156,43,0.58,1.0,0
CUST0386,3212.94,6,321.294,14,31,Female,Penang,Bronze,E-Wallet,Fashion,2026-04-14,2025-07-29 20:39:58,2026-03-01 13:19:57,87,131,2.07,2.33,1
CUST0387,5980.41,7,427.17214285714283,23,56,Female,Shah Alam,Silver,Credit Card,Beauty,2025-02-09,2025-07-30 14:09:54,2026-06-14 18:16:56,516,26,0.41,3.29,1
CUST0388,4262.96,5,473.6622222222222,14,42,Female,Shah Alam,Bronze,Credit Card,Home,2025-08-12,2025-09-14 21:22:59,2026-04-08 12:32:30,332,93,0.45,2.8,1
CUST0389,1619.65,4,202.45625,12,27,Male,Kuala Lumpur,Silver,Credit Card,Beauty,2024-11-06,2025-09-12 14:30:31,2026-04-30 12:15:09,611,71,0.2,3.0,0
CUST0390,1817.23,3,259.6042857142857,9,39,Male,Penang,Silver,Online Banking,Beauty,2025-12-18,2025-11-03 11:14:02,2026-05-15 09:23:13,204,56,0.44,3.0,0
CUST0391,642.48,2,214.16,6,41,Female,Kuala Lumpur,Bronze,Credit Card,Beauty,2026-03-14,2025-08-05 05:44:21,2026-01-26 19:58:44,118,165,0.51,3.0,0
CUST0392,1300.18,3,260.036,6,45,Female,Johor Bahru,Silver,Credit Card,Beauty,2024-09-17,2025-12-05 20:37:12,2026-07-05 20:44:01,661,4,0.14,2.0,0
CUST0393,828.75,3,103.59375,8,22,Female,Melaka,Silver,Credit Card,Fashion,2025-06-18,2025-08-27 19:23:45,2026-02-18 07:54:28,387,142,0.23,2.67,0
CUST0394,1364.49,1,454.83,3,43,Male,Penang,Gold,Credit Card,Beauty,2024-11-22,2026-05-09 14:00:01,2026-05-09 14:00:01,595,62,0.05,3.0,0
CUST0395,977.81,4,244.4525,5,42,Female,Kuala Lumpur,Platinum,E-Wallet,Beauty,2025-11-09,2025-11-01 14:46:49,2026-01-26 20:17:49,243,165,0.49,1.25,0
CUST0396,861.91,2,172.382,6,57,Male,Kuala Lumpur,Bronze,Credit Card,Sports,2025-05-11,2025-07-13 18:41:35,2025-11-07 20:38:54,425,244,0.14,3.0,0
CUST0397,769.32,1,384.66,5,26,Male,Penang,Silver,Debit Card,Electronics,2024-08-03,2025-10-27 21:08:13,2025-10-27 21:08:13,706,255,0.04,5.0,0
CUST0398,276.6,3,92.2,3,60,Male,Shah Alam,Gold,Credit Card,Beauty,2026-06-02,2025-10-30 19:34:57,2026-04-26 14:10:38,38,75,2.37,1.0,0
CUST0399,1583.85,2,527.9499999999999,5,42,Male,Johor Bahru,Bronze,Debit Card,Beauty,2024-12-03,2025-10-25 09:11:28,2026-06-10 11:00:20,584,30,0.1,2.5,0
CUST0400,615.66,2,153.915,5,38,Male,Johor Bahru,Bronze,Cash on Delivery,Beauty,2025-08-19,2026-03-19 14:28:56,2026-04-17 19:27:58,325,84,0.18,2.5,0
CUST0401,2050.87,4,205.087,12,26,Female,Ipoh,Silver,Credit Card,Sports,2026-01-31,2025-07-17 10:33:55,2026-02-28 08:49:55,160,132,0.75,3.0,0
CUST0402,1741.56,4,290.26,8,52,Female,Johor Bahru,Gold,Credit Card,Fashion,2026-02-03,2025-09-19 07:44:41,2026-05-21 08:51:01,157,50,0.76,2.0,0
CUST0403,1259.0700000000002,2,251.81400000000002,5,20,Male,Johor Bahru,Silver,Credit Card,Electronics,2025-06-19,2025-08-18 12:52:27,2026-02-09 21:42:59,386,150,0.16,2.5,0
CUST0404,3231.31,3,461.61571428571426,8,48,Female,Penang,Silver,Credit Card,Sports,2024-12-29,2025-07-25 21:47:59,2026-07-04 19:37:33,558,6,0.16,2.67,1
CUST0405,2236.48,6,279.56,12,41,Female,Kuala Lumpur,Platinum,Debit Card,Fashion,2025-01-29,2025-08-08 14:35:02,2026-07-07 08:00:24,527,3,0.34,2.0,0
CUST0406,329.01,3,82.2525,5,50,Male,Ipoh,Bronze,E-Wallet,Beauty,2025-01-21,2025-09-07 18:48:15,2025-12-22 18:19:50,535,200,0.17,1.67,0
CUST0407,2862.5099999999998,4,477.085,7,21,Male,Penang,Bronze,Online Banking,Beauty,2026-01-15,2025-07-13 20:14:49,2026-06-21 13:25:19,176,19,0.68,1.75,1
CUST0408,1433.2,3,358.3,5,41,Male,Penang,Silver,E-Wallet,Electronics,2024-10-16,2025-09-09 16:29:08,2025-12-15 21:19:28,632,206,0.14,1.67,0
CUST0409,1762.9699999999998,2,587.6566666666666,5,53,Female,Melaka,Bronze,E-Wallet,Electronics,2025-01-07,2025-12-24 21:54:11,2026-02-23 23:23:42,549,136,0.11,2.5,0
CUST0410,3417.87,3,379.7633333333333,13,39,Male,Penang,Bronze,E-Wallet,Beauty,2025-10-16,2025-08-29 20:27:21,2026-06-25 21:27:35,267,14,0.34,4.33,1
CUST0411,2174.6,4,241.6222222222222,11,29,Male,Kuala Lumpur,Bronze,Credit Card,Beauty,2025-08-16,2025-11-26 17:03:15,2026-04-09 20:39:01,328,91,0.37,2.75,0
CUST0412,370.47,3,92.6175,4,41,Male,Kuala Lumpur,Gold,E-Wallet,Beauty,2026-03-25,2025-07-20 13:33:11,2026-02-08 15:00:11,107,152,0.84,1.33,0
CUST0413,692.19,4,173.0475,4,31,Male,Johor Bahru,Bronze,E-Wallet,Beauty,2025-07-19,2025-07-12 15:24:54,2026-06-24 08:29:02,356,16,0.34,1.0,0
CUST0414,5466.8,4,607.4222222222222,17,37,Female,Johor Bahru,Bronze,E-Wallet,Electronics,2025-09-21,2025-10-10 14:49:37,2026-03-30 07:31:07,292,102,0.41,4.25,1
CUST0415,345.72,2,86.43,4,19,Male,Melaka,Bronze,Online Banking,Beauty,2026-03-23,2025-09-02 12:42:20,2026-04-12 10:39:46,109,89,0.55,2.0,0
CUST0416,5661.87,3,808.8385714285714,15,28,Female,Penang,Bronze,Credit Card,Fashion,2026-07-09,2025-07-11 17:44:34,2026-05-25 16:18:49,1,46,90.0,5.0,1
CUST0417,3415.3199999999997,4,379.47999999999996,13,55,Female,Ipoh,Bronze,Online Banking,Beauty,2025-03-11,2025-08-29 19:44:43,2026-02-24 07:08:29,486,136,0.25,3.25,1
CUST0418,3188.62,2,797.155,8,53,Female,Penang,Gold,Credit Card,Sports,2026-02-17,2025-11-05 20:32:21,2026-03-05 18:42:55,143,127,0.42,4.0,1
CUST0419,997.96,2,249.49,7,47,Female,Penang,Bronze,E-Wallet,Beauty,2025-01-14,2026-06-09 06:36:57,2026-06-23 21:25:34,542,16,0.11,3.5,0
CUST0420,47.36,1,47.36,1,27,Female,Johor Bahru,Bronze,Credit Card,Beauty,2025-08-03,2025-12-17 00:53:24,2025-12-17 00:53:24,341,205,0.09,1.0,0
CUST0421,1622.56,4,180.28444444444443,9,47,Female,Kuala Lumpur,Platinum,Credit Card,Fashion,2024-09-18,2025-10-26 19:42:11,2026-06-02 17:26:30,660,38,0.18,2.25,0
CUST0422,864.13,2,432.065,4,25,Female,Melaka,Bronze,Debit Card,Home,2024-09-12,2026-01-29 21:59:09,2026-04-27 00:59:00,666,74,0.09,2.0,0
CUST0423,3253.86,3,542.3100000000001,12,31,Female,Melaka,Silver,E-Wallet,Electronics,2026-03-23,2025-09-26 16:44:34,2026-06-14 19:03:30,109,26,0.83,4.0,1
CUST0425,2138.1099999999997,3,427.62199999999996,8,31,Male,Johor Bahru,Bronze,E-Wallet,Home,2026-06-30,2025-07-24 15:51:54,2026-03-04 19:38:00,10,128,9.0,2.67,0
CUST0426,1179.67,3,235.93400000000003,9,37,Female,Penang,Silver,Online Banking,Beauty,2026-06-30,2025-08-28 01:50:46,2025-12-12 20:52:49,10,209,9.0,3.0,0
CUST0427,546.87,2,182.29,5,65,Male,Ipoh,Bronze,Cash on Delivery,Sports,2025-07-01,2025-12-24 07:42:12,2026-03-29 14:34:27,374,103,0.16,2.5,0
CUST0428,1965.03,11,151.15615384615384,14,51,Male,Johor Bahru,Silver,E-Wallet,Sports,2024-07-12,2025-08-18 22:05:54,2026-07-09 20:21:47,728,1,0.45,1.27,0
CUST0429,2883.9,5,360.4875,10,51,Male,Penang,Silver,Online Banking,Home,2025-11-15,2025-09-26 12:15:23,2026-04-03 23:39:32,237,97,0.63,2.0,1
CUST0430,566.66,2,283.33,2,40,Female,Shah Alam,Silver,Credit Card,Beauty,2025-09-12,2025-10-16 07:38:53,2026-02-04 20:11:48,301,156,0.2,1.0,0
CUST0431,726.43,2,103.77571428571427,8,19,Female,Johor Bahru,Platinum,Debit Card,Fashion,2025-03-12,2025-10-22 08:55:45,2026-04-30 15:28:00,485,71,0.12,4.0,0
CUST0432,1026.99,4,256.7475,4,48,Female,Johor Bahru,Silver,E-Wallet,Electronics,2026-06-02,2025-09-08 11:33:46,2026-03-04 08:53:51,38,128,3.16,1.0,0
CUST0433,1283.92,3,213.98666666666668,11,26,Female,Johor Bahru,Silver,E-Wallet,Beauty,2024-11-09,2025-09-11 18:59:22,2026-05-12 14:31:57,608,59,0.15,3.67,0
CUST0434,1368.9099999999999,2,342.22749999999996,7,26,Female,Ipoh,Bronze,Online Banking,Electronics,2026-07-06,2025-10-11 19:51:07,2026-04-21 01:10:40,4,80,15.0,3.5,0
CUST0435,1401.7,4,233.61666666666667,10,24,Female,Kuala Lumpur,Bronze,Online Banking,Beauty,2025-01-09,2025-08-11 23:05:41,2026-07-04 22:44:50,547,5,0.22,2.5,0
CUST0436,2623.34,4,262.334,12,44,Male,Penang,Silver,Debit Card,Fashion,2025-07-24,2025-09-14 09:58:06,2026-05-27 17:38:00,351,44,0.34,3.0,0
CUST0437,2028.92,3,338.15333333333336,11,54,Female,Ipoh,Bronze,E-Wallet,Fashion,2024-09-30,2025-10-13 16:02:20,2026-03-20 11:07:10,648,112,0.14,3.67,0
CUST0438,106.46,1,106.46,2,27,Male,Penang,Silver,Credit Card,Fashion,2025-05-04,2026-04-17 11:00:42,2026-04-17 11:00:42,432,84,0.07,2.0,0
CUST0439,914.1800000000001,4,228.54500000000002,5,31,Female,Kuala Lumpur,Gold,Credit Card,Electronics,2025-11-11,2025-07-13 13:28:57,2026-05-13 22:39:16,241,57,0.5,1.25,0
CUST0440,3763.31,6,313.6091666666667,18,32,Male,Shah Alam,Silver,E-Wallet,Beauty,2025-12-19,2025-08-16 07:01:49,2026-06-07 14:33:10,203,33,0.89,3.0,1
CUST0441,5122.06,7,512.206,14,44,Female,Johor Bahru,Bronze,E-Wallet,Electronics,2026-04-08,2025-07-18 12:00:00,2026-06-07 22:23:36,93,32,2.26,2.0,1
CUST0442,1403.33,4,233.88833333333332,9,39,Male,Kuala Lumpur,Platinum,E-Wallet,Fashion,2024-07-16,2026-02-19 19:57:41,2026-06-26 11:24:40,724,14,0.17,2.25,0
CUST0443,2879.52,7,319.94666666666666,10,30,Male,Kuala Lumpur,Silver,Online Banking,Beauty,2024-09-14,2025-08-08 22:46:04,2026-05-27 13:29:24,664,44,0.32,1.43,1
CUST0444,3372.66,7,306.6054545454545,14,32,Male,Melaka,Silver,E-Wallet,Beauty,2026-03-22,2025-08-06 18:52:10,2026-07-01 07:06:02,110,9,1.91,2.0,1
CUST0445,2413.68,7,268.18666666666667,12,25,Male,Ipoh,Bronze,Credit Card,Beauty,2024-09-22,2025-08-12 23:32:45,2026-05-15 11:48:08,656,56,0.32,1.71,0
CUST0446,1950.8,4,390.15999999999997,9,51,Female,Melaka,Silver,E-Wallet,Beauty,2025-09-28,2025-08-05 16:17:27,2026-02-02 22:50:57,285,157,0.42,2.25,0
CUST0447,3259.44,5,407.43,10,30,Male,Ipoh,Bronze,Credit Card,Electronics,2025-05-27,2025-08-24 14:36:09,2026-05-27 21:06:33,409,43,0.37,2.0,1
CUST0448,4529.77,6,411.79727272727274,15,29,Male,Johor Bahru,Bronze,Credit Card,Electronics,2025-07-23,2025-08-21 13:27:50,2026-07-04 18:33:50,352,6,0.51,2.5,1
CUST0449,2069.1699999999996,3,344.8616666666666,8,59,Female,Ipoh,Bronze,E-Wallet,Home,2025-04-16,2025-12-08 19:35:55,2026-02-16 13:50:23,450,144,0.2,2.67,0
CUST0450,1954.1,4,488.525,5,40,Female,Kuala Lumpur,Silver,Debit Card,Electronics,2026-03-21,2025-09-18 20:58:30,2025-11-30 22:47:43,111,221,1.08,1.25,0
CUST0451,470.36,2,235.18,4,42,Female,Kuala Lumpur,Bronze,Credit Card,Beauty,2024-08-14,2025-12-22 08:19:05,2025-12-27 20:57:12,695,194,0.09,2.0,0
CUST0452,2896.62,3,413.80285714285714,14,24,Female,Shah Alam,Bronze,Debit Card,Fashion,2025-06-01,2025-10-13 13:59:48,2026-01-08 22:33:36,404,182,0.22,4.67,1
CUST0453,1517.54,3,252.92333333333332,11,59,Female,Penang,Gold,Credit Card,Fashion,2025-04-29,2025-07-23 21:30:04,2026-04-02 01:17:30,437,99,0.21,3.67,0
CUST0454,1035.98,3,258.995,5,36,Female,Kuala Lumpur,Platinum,E-Wallet,Beauty,2025-11-11,2025-10-16 22:06:05,2026-03-07 18:05:23,241,125,0.37,1.67,0
CUST0455,853.02,2,213.255,4,42,Male,Melaka,Bronze,Credit Card,Fashion,2025-09-20,2026-03-08 19:28:11,2026-05-08 10:51:05,293,63,0.2,2.0,0
CUST0456,2195.62,4,313.65999999999997,7,38,Female,Ipoh,Gold,E-Wallet,Home,2025-03-25,2025-08-27 15:49:14,2026-04-01 22:51:02,472,99,0.25,1.75,0
CUST0457,858.3100000000001,3,171.662,6,26,Female,Shah Alam,Bronze,E-Wallet,Beauty,2024-10-19,2025-08-03 05:29:43,2025-12-21 21:31:54,629,200,0.14,2.0,0
CUST0458,1532.67,6,153.267,11,65,Female,Penang,Bronze,Credit Card,Beauty,2024-12-13,2025-08-31 13:48:10,2026-06-05 10:34:37,574,35,0.31,1.83,0
CUST0459,2206.15,7,220.615,16,62,Female,Melaka,Gold,Credit Card,Home,2025-09-12,2025-09-20 14:22:41,2026-07-04 20:15:24,301,6,0.7,2.29,0
CUST0460,2345.91,4,335.13,11,39,Male,Kuala Lumpur,Platinum,E-Wallet,Beauty,2024-08-13,2025-09-01 22:28:11,2026-02-24 15:03:04,696,136,0.17,2.75,0
CUST0461,2943.84,5,490.64000000000004,7,65,Male,Johor Bahru,Bronze,Credit Card,Electronics,2024-09-22,2025-10-01 13:40:01,2026-05-31 00:07:14,656,40,0.23,1.4,1
CUST0462,3028.17,4,504.695,8,53,Female,Penang,Bronze,E-Wallet,Electronics,2026-01-17,2025-09-05 13:31:32,2026-02-26 13:59:59,174,134,0.69,2.0,1
CUST0463,4229.7300000000005,3,604.2471428571429,11,26,Male,Penang,Bronze,Credit Card,Beauty,2025-09-22,2025-12-16 01:52:21,2026-07-07 12:00:43,291,3,0.31,3.67,1
CUST0464,1579.49,3,263.24833333333333,7,46,Male,Shah Alam,Silver,Debit Card,Beauty,2024-12-09,2026-04-18 07:38:26,2026-05-10 11:11:57,578,61,0.16,2.33,0
CUST0465,484.26,2,242.13,2,26,Female,Shah Alam,Gold,Debit Card,Fashion,2025-07-12,2025-12-31 19:56:55,2026-04-25 12:03:31,363,76,0.17,1.0,0
CUST0466,414.59000000000003,1,207.29500000000002,4,37,Female,Kuala Lumpur,Silver,Online Banking,Electronics,2025-12-10,2025-08-12 19:08:03,2025-08-12 19:08:03,212,332,0.14,4.0,0
CUST0467,2403.16,4,343.3085714285714,11,25,Male,Penang,Bronze,Credit Card,Electronics,2024-07-27,2025-08-08 21:33:44,2026-06-21 17:56:26,713,19,0.17,2.75,0
CUST0468,1449.76,3,362.44,5,28,Male,Shah Alam,Platinum,Credit Card,Home,2026-03-14,2025-08-09 12:26:58,2026-07-06 15:17:35,118,4,0.76,1.67,0
CUST0469,1040.23,5,115.58111111111111,13,45,Male,Kuala Lumpur,Silver,Credit Card,Beauty,2026-04-04,2025-10-25 20:16:10,2026-05-05 13:28:55,97,66,1.55,2.6,0
CUST0470,1640.8,5,182.3111111111111,9,21,Female,Kuala Lumpur,Bronze,E-Wallet,Sports,2025-02-04,2025-08-03 07:35:53,2026-04-25 09:09:24,521,76,0.29,1.8,0
CUST0471,2461.84,6,246.18400000000003,14,37,Male,Shah Alam,Silver,Debit Card,Fashion,2025-01-08,2025-07-23 20:22:05,2026-06-11 07:00:14,548,29,0.33,2.33,0
CUST0472,1203.6399999999999,1,401.2133333333333,5,25,Male,Melaka,Bronze,Debit Card,Fashion,2025-04-03,2026-06-30 20:19:17,2026-06-30 20:19:17,463,10,0.06,5.0,0
CUST0473,1851.72,2,308.62,8,28,Female,Kuala Lumpur,Bronze,Credit Card,Electronics,2024-09-01,2025-10-15 13:49:55,2026-03-06 11:57:25,677,126,0.09,4.0,0
CUST0474,170.89,2,85.445,2,40,Female,Penang,Bronze,E-Wallet,Beauty,2024-11-03,2026-01-23 07:35:01,2026-05-17 07:18:55,614,54,0.1,1.0,0
CUST0475,976.3599999999999,2,195.272,5,38,Male,Ipoh,Bronze,Credit Card,Beauty,2024-08-15,2026-05-05 16:46:40,2026-05-09 16:11:52,694,62,0.09,2.5,0
CUST0476,2995.28,3,499.21333333333337,11,47,Male,Shah Alam,Bronze,Credit Card,Fashion,2024-08-31,2026-03-05 11:05:01,2026-06-28 16:23:50,678,12,0.13,3.67,1
CUST0477,1388.3,3,231.38333333333333,7,44,Male,Kuala Lumpur,Silver,E-Wallet,Home,2025-08-05,2025-10-09 21:10:51,2026-06-12 20:12:34,339,28,0.27,2.33,0
CUST0478,169.58,1,169.58,1,38,Male,Johor Bahru,Silver,Credit Card,Electronics,2025-07-31,2025-11-26 21:50:39,2025-11-26 21:50:39,344,225,0.09,1.0,0
CUST0479,1848.19,5,308.0316666666667,10,31,Male,Johor Bahru,Bronze,Credit Card,Home,2026-06-09,2025-07-12 19:36:08,2026-04-21 16:52:37,31,80,4.84,2.0,0
CUST0480,2242.2200000000003,3,373.7033333333334,10,40,Male,Kuala Lumpur,Bronze,Debit Card,Electronics,2024-07-27,2025-07-24 07:34:28,2026-04-05 08:23:08,713,96,0.13,3.33,0
CUST0481,1970.9899999999998,4,328.4983333333333,7,35,Female,Johor Bahru,Bronze,Online Banking,Fashion,2024-11-26,2025-10-10 17:36:49,2026-05-25 19:27:42,591,46,0.2,1.75,0
CUST0482,3231.46,6,403.9325,11,35,Male,Shah Alam,Silver,Credit Card,Home,2026-01-25,2025-10-24 21:16:19,2026-05-28 21:25:48,166,42,1.08,1.83,1
CUST0483,468.56,2,234.28,7,51,Male,Ipoh,Silver,Debit Card,Beauty,2025-11-22,2025-10-15 23:48:08,2026-05-10 11:38:37,230,61,0.26,3.5,0
CUST0484,1528.17,1,509.39000000000004,4,32,Male,Kuala Lumpur,Platinum,Credit Card,Beauty,2024-08-29,2025-12-28 13:49:29,2025-12-28 13:49:29,680,194,0.04,4.0,0
CUST0485,2084.83,3,416.966,7,22,Female,Melaka,Bronze,E-Wallet,Fashion,2024-07-21,2025-08-09 13:47:55,2025-12-24 17:12:36,719,198,0.13,2.33,0
CUST0486,1360.07,3,340.0175,4,48,Male,Shah Alam,Platinum,Debit Card,Sports,2026-03-21,2025-08-28 18:26:09,2026-03-18 21:16:58,111,113,0.81,1.33,0
CUST0487,2104.21,1,701.4033333333333,3,34,Female,Melaka,Bronze,Cash on Delivery,Electronics,2025-04-23,2025-09-15 18:57:03,2025-09-15 18:57:03,443,298,0.07,3.0,0
CUST0488,2597.63,5,432.93833333333333,10,57,Female,Penang,Silver,Credit Card,Fashion,2025-02-09,2025-07-25 11:11:05,2026-05-25 20:14:13,516,46,0.29,2.0,0
CUST0489,198.35,1,198.35,1,38,Female,Ipoh,Bronze,Debit Card,Electronics,2024-10-20,2026-03-30 21:59:21,2026-03-30 21:59:21,628,101,0.05,1.0,0
CUST0490,1553.63,4,221.94714285714286,9,38,Male,Johor Bahru,Silver,E-Wallet,Fashion,2025-03-17,2025-08-06 10:03:32,2026-06-05 20:56:24,480,34,0.25,2.25,0
CUST0491,1251.33,3,312.8325,4,18,Male,Kuala Lumpur,Bronze,Credit Card,Home,2024-11-28,2025-11-09 19:20:52,2026-06-05 20:11:45,589,35,0.15,1.33,0
CUST0493,905.56,3,129.3657142857143,9,32,Male,Kuala Lumpur,Gold,E-Wallet,Beauty,2025-10-04,2025-09-28 18:11:45,2026-05-04 19:53:15,279,67,0.32,3.0,0
CUST0494,753.28,2,125.54666666666667,7,24,Female,Shah Alam,Bronze,Debit Card,Sports,2025-04-01,2025-10-13 13:19:01,2026-04-27 19:52:19,465,74,0.13,3.5,0
CUST0495,1656.85,4,236.69285714285712,8,55,Female,Kuala Lumpur,Bronze,Credit Card,Sports,2025-05-23,2025-08-13 22:35:55,2026-05-16 07:09:42,413,55,0.29,2.0,0
CUST0496,2555.04,6,212.92,13,20,Male,Johor Bahru,Silver,Online Banking,Electronics,2025-06-29,2025-10-23 17:22:05,2026-05-17 21:52:17,376,53,0.48,2.17,0
CUST0497,3875.74,5,430.6377777777777,14,46,Male,Penang,Bronze,E-Wallet,Electronics,2025-01-17,2025-11-29 18:50:04,2026-06-29 08:08:22,539,11,0.28,2.8,1
CUST0498,4639.87,4,579.98375,12,54,Male,Kuala Lumpur,Bronze,Online Banking,Electronics,2025-09-05,2025-09-19 10:18:50,2026-04-19 12:47:05,308,82,0.39,3.0,1
CUST0499,64.58,1,64.58,2,51,Male,Ipoh,Bronze,E-Wallet,Beauty,2026-01-26,2026-02-22 08:15:54,2026-02-22 08:15:54,165,138,0.18,2.0,0
CUST0500,728.81,2,242.93666666666664,4,43,Female,Penang,Bronze,E-Wallet,Beauty,2025-04-25,2025-12-22 19:45:22,2026-01-15 19:09:38,441,176,0.14,2.0,0
