customer_id,historical_revenue,total_orders,total_quantity,average_item_value,age,gender,city,membership,favorite_payment,favorite_category,signup_date,first_purchase,last_purchase,customer_tenure_days,days_since_last_purchase,purchase_frequency,average_items_per_order,historical_average_order_value,future_revenue,future_orders,future_value_score,future_high_value_customer
CUST0001,4122.92,3,16,412.29200000000003,19,Female,Kuala Lumpur,Bronze,Online Banking,Electronics,2026-04-22,2025-07-21 10:18:18,2026-04-08 12:50:57,1,2,90.0,5.33,1374.31,0.0,0,42393.67297791405,1
CUST0002,1178.8,2,3,589.4,43,Female,Shah Alam,Bronze,Credit Card,Electronics,2024-12-01,2025-09-01 06:45:23,2025-11-30 18:24:28,495,130,0.121,1.5,589.4,794.05,3,-696.9644371841734,0
CUST0003,87.01,1,1,87.01,19,Male,Kuala Lumpur,Bronze,E-Wallet,Home,2025-05-13,2025-12-29 22:26:55,2025-12-29 22:26:55,332,101,0.09,1.0,87.01,2311.44,3,-354.38858146774,0
CUST0004,72.08,1,1,72.08,27,Male,Johor Bahru,Bronze,Credit Card,Fashion,2025-09-23,2025-08-24 07:24:47,2025-08-24 07:24:47,199,229,0.151,1.0,72.08,682.75,3,-1289.6243492630751,0
CUST0005,335.87,3,4,83.9675,40,Male,Shah Alam,Bronze,Online Banking,Beauty,2025-10-04,2025-08-17 20:35:55,2026-03-27 19:29:43,188,13,0.479,1.33,111.96,480.12,1,-93.75781602884285,0
CUST0006,1138.32,1,2,569.16,44,Female,Penang,Bronze,E-Wallet,Electronics,2026-03-26,2025-12-31 13:32:43,2025-12-31 13:32:43,15,100,2.0,2.0,1138.32,0.0,0,162.64917259818873,0
CUST0007,223.67000000000002,2,2,111.83500000000001,31,Female,Kuala Lumpur,Bronze,Debit Card,Fashion,2025-01-20,2025-10-18 19:06:27,2025-11-18 16:51:00,445,143,0.135,1.0,111.84,456.78,1,-720.2213588914501,0
CUST0008,411.46000000000004,3,4,102.86500000000001,40,Female,Shah Alam,Silver,Online Banking,Beauty,2025-04-12,2025-07-19 10:58:15,2026-03-23 10:07:48,363,18,0.248,1.33,137.15,3677.46,5,610.9260926797463,0
CUST0009,2835.79,4,14,283.579,63,Female,Penang,Silver,Online Banking,Beauty,2025-04-28,2025-08-20 05:51:47,2026-04-01 07:49:06,347,9,0.346,3.5,708.95,478.94,2,1800.346094873499,0
CUST0010,4714.58,7,20,336.7557142857143,41,Female,Shah Alam,Silver,E-Wallet,Fashion,2025-06-09,2025-08-27 19:42:34,2026-04-05 20:42:00,305,4,0.689,2.86,673.51,3311.45,2,2719.587625349247,1
CUST0011,5886.17,4,13,654.0188888888889,20,Female,Kuala Lumpur,Bronze,Credit Card,Electronics,2025-03-30,2025-11-06 07:02:27,2026-02-02 11:48:04,376,67,0.319,3.25,1471.54,0.0,0,2455.49879120199,1
CUST0012,1829.23,2,4,609.7433333333333,28,Male,Kuala Lumpur,Bronze,E-Wallet,Beauty,2025-05-13,2025-10-23 23:34:38,2026-03-04 13:55:55,332,37,0.181,2.0,914.62,0.0,0,937.9076774001319,0
CUST0013,1401.74,4,5,350.435,32,Female,Penang,Bronze,Credit Card,Sports,2026-04-16,2025-07-21 20:56:47,2025-11-02 09:41:15,1,159,120.0,1.25,350.44,0.0,0,53721.71974414642,1
CUST0014,1243.2,2,5,310.8,60,Male,Johor Bahru,Silver,Online Banking,Home,2026-04-10,2025-08-23 12:11:20,2025-09-21 12:11:52,1,201,60.0,2.5,621.6,1446.69,2,26711.65442243881,1
CUST0015,2435.14,2,7,608.785,45,Male,Kuala Lumpur,Bronze,Credit Card,Fashion,2025-07-15,2026-03-03 19:22:15,2026-03-18 01:06:20,269,23,0.223,3.5,1217.57,624.85,3,1172.2772697882158,0
CUST0016,1223.51,2,4,407.83666666666664,42,Female,Johor Bahru,Silver,E-Wallet,Electronics,2026-05-19,2025-08-21 09:47:55,2026-03-07 19:27:23,1,33,60.0,2.0,611.76,0.0,0,27353.476137990867,1
CUST0017,2394.81,6,17,184.21615384615384,48,Female,Kuala Lumpur,Bronze,E-Wallet,Fashion,2024-09-09,2025-07-11 18:37:34,2026-03-22 11:10:32,578,19,0.311,2.83,399.14,0.0,0,1675.1962744288744,0
CUST0019,396.7,1,2,396.7,31,Female,Ipoh,Bronze,Online Banking,Electronics,2025-10-27,2025-08-20 05:59:45,2025-08-20 05:59:45,165,233,0.182,2.0,396.7,665.95,2,-1858.8639102901498,0
CUST0020,3590.11,5,19,359.011,35,Female,Kuala Lumpur,Bronze,E-Wallet,Fashion,2024-12-24,2025-10-05 14:18:37,2026-03-15 18:25:16,472,25,0.318,3.8,718.02,1083.21,2,2107.096105457545,1
CUST0021,2857.28,5,19,238.10666666666668,29,Female,Johor Bahru,Gold,Debit Card,Beauty,2024-08-29,2025-08-12 19:33:40,2026-03-16 20:42:29,589,24,0.255,3.8,571.46,0.0,0,2105.3239311548114,1
CUST0022,2753.6099999999997,5,12,393.3728571428571,28,Male,Melaka,Bronze,E-Wallet,Fashion,2025-06-19,2025-07-28 04:20:22,2026-02-05 19:14:01,295,63,0.508,2.4,550.72,0.0,0,1223.6616727591586,0
CUST0023,567.42,1,2,567.42,20,Male,Kuala Lumpur,Silver,E-Wallet,Beauty,2025-06-15,2025-07-18 11:51:30,2025-07-18 11:51:30,299,266,0.1,2.0,567.42,0.0,0,-1752.7283405413796,0
CUST0024,1381.91,2,8,230.31833333333336,34,Female,Kuala Lumpur,Bronze,Credit Card,Electronics,2025-01-06,2025-08-07 22:45:31,2025-08-26 22:09:58,459,226,0.131,4.0,690.96,0.0,0,-597.4920314640895,0
CUST0025,4056.25,2,10,811.25,38,Female,Melaka,Gold,Credit Card,Fashion,2024-09-18,2026-02-06 13:29:56,2026-02-20 21:26:01,569,48,0.105,5.0,2028.12,0.0,0,1868.8521812759193,0
CUST0026,556.0699999999999,2,7,111.21399999999998,45,Male,Ipoh,Bronze,Cash on Delivery,Sports,2025-05-02,2025-12-16 19:33:59,2026-03-02 13:19:29,343,39,0.175,3.5,278.03,1895.03,1,51.459762242912376,0
CUST0027,619.77,3,4,206.59,42,Male,Kuala Lumpur,Bronze,Credit Card,Beauty,2025-02-02,2025-08-03 08:40:27,2026-03-25 00:22:40,432,16,0.208,1.33,206.59,0.0,0,419.27275732911966,0
CUST0028,1459.27,3,4,364.8175,61,Male,Shah Alam,Bronze,Credit Card,Home,2026-06-17,2025-11-29 22:29:11,2026-02-24 19:17:09,1,44,90.0,1.33,486.42,1062.96,2,41205.052714943675,1
CUST0029,2817.55,3,9,563.51,26,Female,Melaka,Gold,Credit Card,Sports,2024-11-01,2025-09-27 21:25:06,2026-01-04 21:53:26,525,95,0.171,3.0,939.18,0.0,0,1390.9979225274274,0
CUST0030,172.3,1,2,172.3,42,Male,Johor Bahru,Bronze,Cash on Delivery,Sports,2026-05-28,2026-01-30 21:06:31,2026-01-30 21:06:31,1,69,30.0,2.0,172.3,837.8199999999999,2,13272.761414058596,1
CUST0031,1017.48,2,6,508.74,38,Female,Shah Alam,Bronze,E-Wallet,Electronics,2025-02-25,2026-02-03 15:34:05,2026-03-07 18:48:42,409,33,0.147,3.0,508.74,484.26,2,549.055351052759,0
CUST0032,1903.74,4,7,317.29,31,Male,Kuala Lumpur,Gold,E-Wallet,Electronics,2026-05-19,2025-07-19 23:06:31,2026-03-23 09:50:21,1,18,120.0,1.75,475.94,1679.28,1,56351.885660304666,1
CUST0033,1332.24,5,10,166.53,52,Female,Penang,Bronze,Credit Card,Fashion,2024-10-13,2025-10-08 20:01:25,2026-04-09 18:51:37,544,0,0.276,2.0,266.45,0.0,0,1048.2387442653844,0
CUST0034,2364.1099999999997,5,9,295.51374999999996,61,Female,Kuala Lumpur,Bronze,Credit Card,Beauty,2026-06-28,2025-07-13 17:45:39,2026-02-02 20:08:37,1,66,150.0,1.8,472.82,735.25,3,68220.15354482496,1
CUST0035,1244.72,3,11,248.94400000000002,47,Male,Shah Alam,Bronze,E-Wallet,Home,2024-10-01,2025-08-13 06:25:43,2026-03-28 13:34:07,556,13,0.162,3.67,414.91,0.0,0,479.7315451132428,0
CUST0036,1301.27,5,12,185.8957142857143,38,Male,Kuala Lumpur,Gold,E-Wallet,Electronics,2026-03-24,2025-09-26 16:06:05,2026-04-03 23:13:08,17,6,8.824,2.4,260.25,0.0,0,5793.837297901423,1
CUST0037,32.29,1,1,32.29,27,Male,Johor Bahru,Silver,Debit Card,Beauty,2024-08-10,2025-09-19 19:27:23,2025-09-19 19:27:23,608,202,0.049,1.0,32.29,0.0,0,-817.5081975476879,0
CUST0038,1824.4899999999998,2,7,304.08166666666665,31,Male,Melaka,Silver,Credit Card,Fashion,2025-08-23,2025-09-24 18:26:53,2026-03-10 13:26:04,230,31,0.261,3.5,912.24,1593.02,1,958.1398898207937,0
CUST0039,86.15,1,1,86.15,37,Male,Kuala Lumpur,Bronze,Online Banking,Sports,2025-08-16,2025-09-24 17:07:34,2025-09-24 17:07:34,237,198,0.127,1.0,86.15,0.0,0,-1670.7522669368848,0
CUST0040,3319.93,5,13,414.99125,40,Male,Kuala Lumpur,Bronze,Online Banking,Electronics,2025-11-08,2025-07-11 16:37:38,2026-01-06 21:01:15,153,93,0.98,2.6,663.99,55.77,1,1170.4070745080658,0
CUST0041,3812.38,3,9,635.3966666666666,41,Male,Kuala Lumpur,Gold,Online Banking,Home,2026-06-22,2025-08-02 14:23:46,2025-12-27 15:09:55,1,104,90.0,3.0,1270.79,1547.49,3,42190.04047573864,1
CUST0042,853.76,2,3,284.58666666666664,22,Female,Kuala Lumpur,Silver,Credit Card,Home,2024-11-02,2025-12-11 06:25:34,2026-02-03 13:19:05,524,66,0.115,1.5,426.88,551.5,1,572.7049599212048,0
CUST0043,1480.99,3,8,370.2475,25,Male,Melaka,Silver,Online Banking,Sports,2025-02-17,2025-11-01 08:35:30,2026-02-23 19:40:09,417,45,0.216,2.67,493.66,228.39,1,1055.6504939068182,0
CUST0044,2116.04,6,15,211.60399999999998,49,Male,Shah Alam,Bronze,Credit Card,Beauty,2026-06-15,2025-10-22 09:35:24,2026-03-30 06:21:38,1,11,180.0,2.5,352.67,1787.4099999999999,2,82139.68560244895,1
CUST0045,529.84,1,2,264.92,34,Male,Penang,Bronze,Online Banking,Beauty,2025-09-06,2025-08-02 13:05:47,2025-08-02 13:05:47,216,251,0.139,2.0,529.84,0.0,0,-1558.749536926648,0
CUST0046,206.59,2,2,103.295,43,Female,Melaka,Bronze,Credit Card,Sports,2026-04-27,2025-09-20 19:51:26,2026-03-08 14:34:58,1,33,60.0,1.0,103.3,667.31,1,27089.146533199255,1
CUST0047,1684.06,3,8,280.6766666666667,31,Male,Shah Alam,Bronze,Credit Card,Fashion,2026-05-13,2025-10-02 20:58:37,2025-11-26 16:10:38,1,135,90.0,2.67,561.35,0.0,0,40445.96200885516,1
CUST0048,417.23,3,5,139.07666666666668,35,Male,Penang,Bronze,Credit Card,Fashion,2025-11-30,2025-09-17 13:04:36,2025-11-18 19:54:04,131,142,0.687,1.67,139.08,1088.66,2,-15.819427718133511,0
CUST0049,1219.43,3,5,243.88600000000002,58,Male,Penang,Gold,E-Wallet,Fashion,2025-08-29,2025-11-16 20:07:00,2025-12-17 11:54:47,224,114,0.402,1.67,406.48,529.4100000000001,2,733.9589420711388,0
CUST0050,67.94,1,1,67.94,21,Female,Melaka,Gold,Cash on Delivery,Sports,2025-03-01,2025-07-23 21:57:44,2025-07-23 21:57:44,405,260,0.074,1.0,67.94,109.92,1,-1065.3012529248367,0
CUST0051,919.3199999999999,4,4,229.82999999999998,59,Female,Shah Alam,Bronze,E-Wallet,Electronics,2025-10-14,2025-07-18 13:47:25,2026-01-02 05:55:14,178,98,0.674,1.0,229.83,32.29,1,344.7146743211119,0
CUST0052,373.63,2,3,124.54333333333334,28,Male,Penang,Bronze,E-Wallet,Fashion,2024-08-11,2025-07-28 15:11:25,2026-01-22 10:44:35,607,78,0.099,1.5,186.82,0.0,0,-107.4877104585055,0
CUST0053,2040.9,3,12,291.5571428571429,64,Male,Kuala Lumpur,Silver,Debit Card,Beauty,2025-01-03,2025-07-11 23:54:36,2026-02-16 19:46:00,462,52,0.195,4.0,680.3,444.47,1,1217.0158790434891,0
CUST0054,1192.4,2,5,298.1,34,Male,Melaka,Platinum,Credit Card,Beauty,2025-07-22,2025-09-21 06:11:07,2025-12-26 20:17:36,262,104,0.229,2.5,596.2,47.36,1,418.3854630505167,0
CUST0055,1219.29,2,5,406.43,45,Female,Kuala Lumpur,Bronze,Online Banking,Electronics,2025-08-01,2025-09-18 11:23:39,2025-10-31 20:34:02,252,160,0.238,2.5,609.64,96.87,1,-618.0334257250555,0
CUST0057,1286.1299999999999,2,6,257.226,40,Male,Johor Bahru,Gold,Cash on Delivery,Fashion,2026-03-14,2025-07-19 12:42:59,2025-08-15 15:14:49,27,238,2.222,3.0,643.06,679.67,1,221.41507099752152,0
CUST0058,990.54,2,6,198.108,62,Male,Kuala Lumpur,Bronze,Credit Card,Beauty,2024-12-27,2025-10-28 22:10:56,2025-12-04 19:03:14,469,126,0.128,3.0,495.27,0.0,0,-587.3182468851696,0
CUST0059,676.05,3,6,112.675,43,Female,Kuala Lumpur,Bronze,Credit Card,Beauty,2024-12-12,2025-11-07 15:39:46,2026-01-13 15:11:52,484,87,0.186,2.0,225.35,0.0,0,-111.98228792933931,0
CUST0060,32.29,1,1,32.29,29,Female,Johor Bahru,Silver,Online Banking,Beauty,2026-05-31,2026-02-03 18:14:28,2026-02-03 18:14:28,1,65,30.0,1.0,32.29,0.0,0,13884.530958932039,1
CUST0061,212.53,2,5,70.84333333333333,40,Male,Johor Bahru,Gold,E-Wallet,Beauty,2026-01-10,2025-09-10 09:46:25,2026-03-11 19:44:22,90,29,0.667,2.5,106.26,0.0,0,679.4946095073649,0
CUST0062,424.35,2,4,141.45000000000002,45,Male,Kuala Lumpur,Bronze,Credit Card,Fashion,2024-07-30,2025-07-28 18:06:24,2026-02-20 14:44:23,619,49,0.097,2.0,212.18,47.36,1,379.0699241070183,0
CUST0063,109.92,1,1,109.92,30,Female,Penang,Silver,Debit Card,Sports,2025-08-03,2025-09-23 23:21:43,2025-09-23 23:21:43,250,198,0.12,1.0,109.92,0.0,0,-1710.5324200655318,0
CUST0064,1986.15,5,8,283.7357142857143,35,Male,Melaka,Platinum,Credit Card,Electronics,2024-11-18,2025-08-29 12:02:55,2026-01-04 20:24:56,508,95,0.295,1.6,397.23,619.26,3,1550.692739504979,0
CUST0065,713.6,1,2,356.8,28,Male,Kuala Lumpur,Gold,Online Banking,Electronics,2025-01-09,2025-10-15 17:47:13,2025-10-15 17:47:13,456,177,0.066,2.0,713.6,237.52,1,-359.576427213248,0
CUST0066,385.04,3,5,96.26,54,Female,Penang,Bronze,E-Wallet,Electronics,2026-06-03,2025-09-26 13:05:47,2026-03-08 10:57:49,1,33,90.0,1.67,128.35,1223.24,2,40935.94181597575,1
CUST0067,903.24,3,6,225.81,44,Female,Johor Bahru,Platinum,Debit Card,Fashion,2025-06-13,2025-07-18 22:22:37,2026-02-22 08:31:32,301,47,0.299,2.0,301.08,0.0,0,1683.6133029274993,0
CUST0069,731.8899999999999,1,4,243.96333333333328,60,Female,Kuala Lumpur,Bronze,E-Wallet,Beauty,2024-09-02,2025-10-12 10:12:36,2025-10-12 10:12:36,585,180,0.051,4.0,731.89,182.0,1,-763.2169676800262,0
CUST0070,1314.75,3,8,219.125,39,Male,Kuala Lumpur,Silver,E-Wallet,Beauty,2026-02-01,2025-10-10 16:50:44,2026-02-05 14:53:39,68,64,1.324,2.67,438.25,708.78,2,1031.908724713047,0
CUST0072,1401.65,2,2,700.825,57,Male,Shah Alam,Bronze,Credit Card,Electronics,2025-01-22,2025-08-20 08:08:35,2025-09-18 12:58:22,443,204,0.135,1.0,700.82,0.0,0,-1002.4956274325986,0
CUST0073,1227.1100000000001,3,5,245.42200000000003,29,Male,Kuala Lumpur,Silver,Credit Card,Beauty,2025-03-01,2025-09-05 18:17:08,2025-11-15 15:46:32,405,146,0.222,1.67,409.04,0.0,0,271.68005844000385,0
CUST0074,973.0300000000001,1,6,324.34333333333336,29,Female,Ipoh,Silver,E-Wallet,Electronics,2025-09-28,2025-07-18 20:08:13,2025-07-18 20:08:13,194,265,0.155,6.0,973.03,1449.08,2,-1406.646013708565,0
CUST0075,2637.74,3,10,439.6233333333333,18,Male,Kuala Lumpur,Gold,Online Banking,Beauty,2025-03-14,2025-07-11 06:32:13,2026-01-17 14:58:24,392,83,0.23,3.33,879.25,2193.4900000000002,4,876.2187868317271,0
CUST0076,769.97,3,4,256.6566666666667,38,Female,Shah Alam,Silver,Credit Card,Electronics,2025-12-17,2025-09-19 21:12:57,2026-02-13 19:07:19,114,55,0.789,1.33,256.66,120.44,1,397.88897509878177,0
CUST0077,331.07,2,2,165.535,25,Male,Penang,Gold,E-Wallet,Beauty,2025-02-09,2025-08-25 09:31:18,2026-04-09 21:26:38,425,0,0.141,1.0,165.54,329.76,1,697.5161998994361,0
CUST0078,685.96,1,2,342.98,53,Female,Shah Alam,Bronze,Credit Card,Fashion,2026-07-07,2025-11-05 14:05:07,2025-11-05 14:05:07,1,156,30.0,2.0,685.96,0.0,0,12786.092260418816,1
CUST0079,343.25,2,3,114.41666666666667,24,Male,Shah Alam,Gold,Online Banking,Electronics,2024-10-04,2025-09-26 14:10:59,2026-03-03 17:23:12,553,38,0.108,1.5,171.62,562.01,1,754.5865076246978,0
CUST0080,1233.42,3,10,246.68400000000003,41,Male,Kuala Lumpur,Gold,Credit Card,Beauty,2026-06-22,2025-07-31 19:39:43,2026-01-05 20:42:35,1,94,90.0,3.33,411.14,0.0,0,41381.36687392372,1
CUST0081,1792.27,3,4,448.0675,63,Female,Shah Alam,Gold,Credit Card,Beauty,2024-07-19,2025-08-17 18:26:26,2025-10-09 19:39:22,630,182,0.143,1.33,597.42,0.0,0,46.10607378221289,0
CUST0082,810.8199999999999,4,7,162.164,46,Male,Penang,Gold,Debit Card,Sports,2026-04-07,2025-09-22 06:24:55,2026-03-08 11:53:55,3,33,40.0,1.75,202.7,261.82,1,19155.27589187685,1
CUST0083,496.9,2,5,124.225,54,Female,Shah Alam,Bronze,E-Wallet,Beauty,2024-09-30,2026-01-03 22:58:37,2026-01-28 16:43:29,557,72,0.108,2.5,248.45,252.57000000000002,1,105.47163788856784,0
CUST0084,219.84,1,2,219.84,24,Female,Shah Alam,Gold,E-Wallet,Sports,2024-09-09,2025-12-18 19:07:38,2025-12-18 19:07:38,578,112,0.052,2.0,219.84,1034.16,3,-183.92728890208338,0
CUST0085,2221.7599999999998,4,11,370.2933333333333,51,Male,Penang,Bronze,E-Wallet,Electronics,2025-02-11,2025-07-16 11:46:11,2026-02-09 14:58:52,423,60,0.284,2.75,555.44,802.89,1,1065.2873331450937,0
CUST0086,1726.15,5,11,215.76875,28,Female,Kuala Lumpur,Bronze,Online Banking,Beauty,2025-10-09,2025-10-05 12:54:43,2026-01-25 19:15:50,183,74,0.82,2.2,345.23,0.0,0,749.4784206266722,0
CUST0087,780.3199999999999,2,5,156.064,54,Male,Melaka,Bronze,Online Banking,Fashion,2025-09-16,2025-12-25 21:07:05,2026-04-06 18:43:57,206,3,0.291,2.5,390.16,0.0,0,492.9931537022248,0
CUST0088,2406.25,4,9,401.0416666666667,33,Female,Melaka,Bronze,Online Banking,Fashion,2026-02-04,2025-07-11 09:59:08,2026-03-16 20:03:02,65,24,1.846,2.25,601.56,2153.13,2,1827.2792371005846,0
CUST0089,2717.64,4,8,339.705,25,Female,Melaka,Bronze,Cash on Delivery,Beauty,2024-10-25,2025-09-29 12:11:20,2026-02-28 14:20:30,532,41,0.226,2.0,679.41,412.18,1,786.3301240438359,0
CUST0090,65.6,1,1,65.6,29,Female,Kuala Lumpur,Bronze,Credit Card,Beauty,2024-10-07,2026-02-13 20:20:24,2026-02-13 20:20:24,550,55,0.055,1.0,65.6,0.0,0,-101.84963172504638,0
CUST0091,2252.52,4,8,321.7885714285714,31,Female,Johor Bahru,Bronze,Credit Card,Fashion,2026-04-20,2025-08-20 17:15:20,2026-01-14 12:55:57,1,86,120.0,2.0,563.13,240.88,1,54416.09118092904,1
CUST0092,4157.76,3,10,519.72,39,Male,Kuala Lumpur,Silver,Debit Card,Beauty,2025-09-11,2025-12-10 18:38:26,2026-02-18 12:14:53,211,51,0.427,3.33,1385.92,178.01,2,1853.7389415546907,0
CUST0093,1228.55,2,10,614.275,59,Male,Johor Bahru,Silver,E-Wallet,Beauty,2025-10-28,2025-08-18 19:42:52,2025-11-23 19:48:59,164,137,0.366,5.0,614.28,376.18,2,156.953830617068,0
CUST0094,3741.43,2,8,935.3575,43,Female,Penang,Bronze,E-Wallet,Beauty,2025-05-03,2026-02-07 19:28:50,2026-03-13 05:07:37,342,28,0.175,4.0,1870.72,0.0,0,1560.5364116104804,0
CUST0095,454.77,1,3,454.77,31,Female,Penang,Gold,Debit Card,Fashion,2026-05-30,2026-01-17 19:17:44,2026-01-17 19:17:44,1,82,30.0,3.0,454.77,32.29,1,13956.054288140474,1
CUST0096,2507.79,3,7,417.965,30,Female,Penang,Bronze,Credit Card,Sports,2026-03-04,2025-09-04 10:26:36,2026-03-07 12:10:49,37,34,2.432,2.33,835.93,219.84,1,2025.6565804217016,1
CUST0097,2130.08,2,15,304.29714285714283,30,Male,Kuala Lumpur,Bronze,Credit Card,Electronics,2025-10-09,2025-09-29 22:53:26,2026-01-01 07:03:58,183,99,0.328,7.5,1065.04,0.0,0,192.9735907845461,0
CUST0098,1670.31,5,12,208.78875,43,Female,Melaka,Silver,Debit Card,Beauty,2026-06-20,2025-07-28 01:52:23,2026-03-10 15:35:30,1,31,150.0,2.4,334.06,144.16,1,68658.70712618277,1
CUST0099,632.0799999999999,1,2,316.03999999999996,38,Male,Kuala Lumpur,Bronze,E-Wallet,Electronics,2025-06-11,2025-07-28 22:43:34,2025-07-28 22:43:34,303,255,0.099,2.0,632.08,0.0,0,-2244.7890518853105,0
CUST0100,644.25,1,2,322.125,40,Male,Ipoh,Bronze,Credit Card,Sports,2026-06-25,2026-01-20 17:01:47,2026-01-20 17:01:47,1,80,30.0,2.0,644.25,1266.08,1,12698.998134651918,1
CUST0101,3550.41,5,13,394.49,28,Male,Johor Bahru,Gold,E-Wallet,Fashion,2025-03-14,2025-10-04 11:00:59,2026-04-05 21:13:29,392,4,0.383,2.6,710.08,316.01,1,2120.048635675959,1
CUST0102,1656.5,2,5,414.125,26,Female,Kuala Lumpur,Bronze,Credit Card,Electronics,2025-05-31,2025-07-23 09:47:53,2025-11-06 00:49:47,314,155,0.191,2.5,828.25,992.53,1,-683.3113896605187,0
CUST0103,3080.7799999999997,5,15,280.0709090909091,31,Female,Shah Alam,Silver,Credit Card,Sports,2024-12-26,2025-07-20 15:06:03,2026-01-29 18:11:47,470,70,0.319,3.0,616.16,0.0,0,1651.7439793532026,0
CUST0104,4215.26,2,12,843.052,28,Female,Kuala Lumpur,Bronze,E-Wallet,Electronics,2026-06-25,2025-09-04 16:08:06,2026-02-07 17:14:15,1,62,60.0,6.0,2107.63,0.0,0,27902.42333062398,1
CUST0105,355.63,2,3,118.54333333333334,36,Male,Shah Alam,Bronze,Online Banking,Beauty,2026-05-05,2025-10-17 20:13:07,2025-12-12 07:24:30,1,119,60.0,1.5,177.82,513.1800000000001,1,26280.11360608621,1
CUST0106,335.47,2,3,111.82333333333334,41,Male,Kuala Lumpur,Silver,Credit Card,Fashion,2025-03-13,2025-10-07 21:15:51,2026-02-03 03:38:54,393,66,0.153,1.5,167.74,499.19,1,602.9944042251229,0
CUST0107,2317.34,5,12,257.4822222222222,28,Female,Ipoh,Bronze,E-Wallet,Beauty,2026-04-18,2025-08-25 20:12:56,2025-12-31 20:20:47,1,99,150.0,2.4,463.47,0.0,0,67994.3766101285,1
CUST0108,4379.18,5,18,437.918,48,Female,Kuala Lumpur,Bronze,Debit Card,Beauty,2026-01-15,2025-09-11 20:01:15,2026-01-24 21:57:20,85,75,1.765,3.6,875.84,47.36,1,2585.09344896348,1
CUST0110,65.6,1,1,65.6,53,Male,Penang,Silver,Credit Card,Beauty,2025-10-05,2025-12-03 20:10:12,2025-12-03 20:10:12,187,127,0.16,1.0,65.6,2253.33,1,-877.8061880034569,0
CUST0111,536.71,3,8,134.1775,64,Female,Johor Bahru,Platinum,Online Banking,Beauty,2025-11-08,2025-10-18 19:34:24,2026-04-05 14:09:01,153,5,0.588,2.67,178.9,151.59,1,1700.5453547463294,0
CUST0112,2773.99,1,5,924.6633333333333,41,Female,Ipoh,Bronze,Credit Card,Electronics,2025-02-12,2025-12-04 13:15:33,2025-12-04 13:15:33,422,127,0.071,5.0,2773.99,839.64,1,-225.66121921870354,0
CUST0113,1334.17,3,5,333.5425,38,Female,Shah Alam,Silver,Debit Card,Sports,2024-12-29,2025-08-08 21:46:45,2026-03-29 11:13:19,467,12,0.193,1.67,444.72,2530.18,3,949.147923434803,0
CUST0115,1247.31,2,4,415.77,37,Female,Johor Bahru,Bronze,E-Wallet,Beauty,2025-09-25,2026-01-10 22:37:51,2026-03-24 18:37:49,197,16,0.305,2.0,623.66,0.0,0,979.9163481100884,0
CUST0116,1106.1499999999999,2,3,368.71666666666664,30,Male,Kuala Lumpur,Bronze,Credit Card,Beauty,2024-08-06,2025-08-28 08:58:46,2025-10-08 20:36:47,612,183,0.098,1.5,553.07,0.0,0,-1397.309648117322,0
CUST0117,1109.34,3,6,277.335,25,Female,Kuala Lumpur,Silver,Online Banking,Electronics,2025-05-08,2025-10-16 22:47:13,2026-01-31 12:17:38,337,69,0.267,2.0,369.78,0.0,0,718.4672752410501,0
CUST0118,151.59,1,1,151.59,21,Female,Penang,Bronze,E-Wallet,Fashion,2026-05-08,2025-11-20 12:27:59,2025-11-20 12:27:59,1,141,30.0,1.0,151.59,1976.4099999999999,2,12628.263960816297,1
CUST0119,4115.98,4,8,587.9971428571428,27,Male,Penang,Gold,E-Wallet,Fashion,2026-01-11,2025-08-21 23:26:15,2026-01-26 16:57:59,89,74,1.348,2.0,1028.99,2911.08,1,2327.2405155061215,1
CUST0120,1900.86,3,6,475.215,44,Female,Shah Alam,Silver,E-Wallet,Fashion,2025-04-02,2025-11-27 05:45:14,2026-01-01 05:25:20,373,99,0.241,2.0,633.62,201.87,1,85.63075096404089,0
CUST0121,4033.34,5,15,403.334,18,Male,Penang,Silver,E-Wallet,Electronics,2025-01-16,2025-09-05 20:37:49,2026-03-25 09:09:02,449,16,0.334,3.0,806.67,852.39,1,2309.2143276998545,1
CUST0122,2546.31,2,13,424.385,61,Female,Penang,Silver,Cash on Delivery,Beauty,2025-03-05,2025-07-11 14:34:36,2025-08-12 18:05:56,401,240,0.15,6.5,1273.16,344.6,1,-656.6139481723309,0
CUST0124,889.52,2,6,296.50666666666666,19,Male,Penang,Silver,Credit Card,Electronics,2024-10-16,2025-09-20 15:29:11,2025-10-08 13:34:05,541,184,0.111,3.0,444.76,610.53,2,-539.2813260258537,0
CUST0125,2739.12,3,13,391.30285714285714,26,Male,Penang,Bronze,Credit Card,Fashion,2026-04-17,2025-07-19 19:54:05,2025-11-27 15:06:32,1,134,90.0,4.33,913.04,0.0,0,40754.34025093321,1
CUST0126,3789.93,6,13,378.993,19,Female,Penang,Silver,Debit Card,Home,2025-05-30,2025-09-13 17:50:09,2026-04-10 09:16:58,315,0,0.571,2.17,631.66,0.0,0,3114.04811196232,1
CUST0128,1337.97,2,3,445.99,33,Male,Kuala Lumpur,Bronze,Cash on Delivery,Fashion,2026-06-18,2025-12-20 17:19:59,2026-04-02 12:16:26,1,8,60.0,1.5,668.98,363.51,1,27560.515030384442,1
CUST0130,5185.01,4,10,740.7157142857143,22,Male,Kuala Lumpur,Bronze,E-Wallet,Beauty,2025-08-07,2025-08-06 19:19:21,2026-02-03 20:25:47,246,65,0.488,2.5,1296.25,1772.4099999999999,1,1636.1293775823474,0
CUST0131,346.04999999999995,1,2,173.02499999999998,32,Female,Ipoh,Silver,Credit Card,Beauty,2025-09-12,2026-02-20 01:11:00,2026-02-20 01:11:00,210,49,0.143,2.0,346.05,235.32,1,226.21397223471064,0
CUST0132,2192.76,2,4,730.9200000000001,47,Female,Melaka,Bronze,Online Banking,Electronics,2025-06-22,2025-10-10 11:06:12,2026-02-07 14:58:13,292,62,0.205,2.0,1096.38,106.46,1,680.7148393901177,0
CUST0133,1401.22,4,7,350.305,26,Male,Kuala Lumpur,Silver,E-Wallet,Fashion,2025-07-25,2025-08-01 09:27:13,2026-01-23 22:00:56,259,76,0.463,1.75,350.3,313.85,2,1296.492651334153,0
CUST0134,483.68,1,4,120.92,28,Female,Ipoh,Silver,E-Wallet,Beauty,2024-09-25,2025-09-24 15:34:42,2025-09-24 15:34:42,562,198,0.053,4.0,483.68,0.0,0,-728.5730639298977,0
CUST0135,1646.49,5,9,205.81125,41,Male,Ipoh,Bronze,Credit Card,Home,2025-10-08,2025-08-04 22:52:18,2026-03-11 22:21:23,184,29,0.815,1.8,329.3,164.77,2,1435.926370702328,0
CUST0137,1560.47,3,9,222.92428571428573,43,Male,Melaka,Bronze,Debit Card,Sports,2025-03-13,2025-07-20 19:13:42,2025-11-04 13:27:21,393,157,0.229,3.0,520.16,3532.1699999999996,3,265.3705119268466,0
CUST0138,1272.9,3,8,181.84285714285716,22,Female,Ipoh,Silver,Credit Card,Beauty,2026-06-06,2025-08-30 05:57:13,2025-10-31 09:17:26,1,161,90.0,2.67,424.3,131.2,1,39851.447930987,1
CUST0140,55.77,1,1,55.77,64,Male,Shah Alam,Bronze,E-Wallet,Electronics,2026-05-27,2025-11-27 13:49:20,2025-11-27 13:49:20,1,134,30.0,1.0,55.77,198.55,1,12343.606463537588,1
CUST0141,855.4200000000001,3,6,213.85500000000002,32,Male,Johor Bahru,Bronze,Credit Card,Electronics,2025-07-14,2025-11-01 20:32:17,2025-12-22 20:29:26,270,108,0.333,2.0,285.14,926.01,2,-379.05457949193374,0
CUST0142,367.93,2,2,183.965,51,Female,Kuala Lumpur,Platinum,E-Wallet,Electronics,2025-09-01,2025-08-08 16:10:46,2025-09-30 17:36:09,221,192,0.271,1.0,183.96,537.99,1,-181.70793110451876,0
CUST0143,480.12,1,2,240.06,51,Female,Ipoh,Bronze,E-Wallet,Fashion,2025-01-20,2025-12-21 18:58:21,2025-12-21 18:58:21,445,109,0.067,2.0,480.12,0.0,0,-1035.6481516447082,0
CUST0144,6075.69,3,14,867.9557142857142,62,Female,Kuala Lumpur,Silver,Credit Card,Fashion,2025-11-01,2025-12-14 23:07:36,2026-02-27 08:01:04,160,42,0.562,4.67,2025.23,1221.17,1,2875.694331385041,1
CUST0145,1613.52,3,12,268.92,36,Female,Penang,Silver,E-Wallet,Sports,2025-06-05,2025-07-24 15:47:15,2026-02-26 20:16:33,309,42,0.291,4.0,537.84,0.0,0,891.9040560154293,0
CUST0146,1427.21,6,13,178.40125,53,Male,Shah Alam,Bronze,Credit Card,Electronics,2024-08-14,2025-08-28 15:00:04,2026-01-24 18:53:55,604,75,0.298,2.17,237.87,97.88999999999999,2,238.84129692406964,0
CUST0148,687.8,2,6,171.95,19,Male,Shah Alam,Bronze,Cash on Delivery,Electronics,2024-12-17,2025-08-23 04:05:41,2025-12-23 13:34:41,479,108,0.125,3.0,343.9,576.31,1,-682.4726784226395,0
CUST0149,55.77,1,1,55.77,50,Male,Penang,Gold,Online Banking,Electronics,2024-07-14,2025-10-31 19:26:35,2025-10-31 19:26:35,635,160,0.047,1.0,55.77,535.89,2,-409.6006533924317,0
CUST0150,174.5,2,3,87.25,29,Female,Kuala Lumpur,Gold,E-Wallet,Beauty,2024-08-30,2025-07-20 18:14:38,2026-01-15 23:26:58,588,84,0.102,1.5,87.25,0.0,0,568.3192987630334,0
CUST0151,423.88,3,4,141.29333333333332,45,Male,Johor Bahru,Silver,Cash on Delivery,Electronics,2025-04-30,2025-10-16 18:36:13,2026-03-19 22:33:16,345,21,0.261,1.33,141.29,0.0,0,1406.6638120921252,0
CUST0153,1995.74,1,5,665.2466666666667,28,Male,Ipoh,Bronze,Cash on Delivery,Beauty,2026-01-05,2025-10-31 17:57:33,2025-10-31 17:57:33,95,160,0.316,5.0,1995.74,917.99,1,700.5608631025655,0
CUST0154,970.05,2,2,485.025,36,Female,Johor Bahru,Bronze,Credit Card,Beauty,2025-03-22,2025-10-18 09:55:42,2026-03-05 12:03:35,384,36,0.156,1.0,485.02,262.4,1,506.7608016465987,0
CUST0155,839.64,1,1,839.64,31,Female,Ipoh,Bronze,Debit Card,Home,2024-10-28,2025-11-30 14:11:27,2025-11-30 14:11:27,529,131,0.057,1.0,839.64,125.31,2,-954.8143420111526,0
CUST0156,47.36,1,1,47.36,25,Male,Kuala Lumpur,Bronze,Online Banking,Beauty,2025-06-02,2025-10-29 20:59:40,2025-10-29 20:59:40,312,162,0.096,1.0,47.36,0.0,0,-1862.4401982559582,0
CUST0157,32.29,1,1,32.29,47,Female,Kuala Lumpur,Bronze,Credit Card,Beauty,2024-08-27,2026-01-15 21:54:32,2026-01-15 21:54:32,591,84,0.051,1.0,32.29,0.0,0,-424.0494881796575,0
CUST0159,2095.42,3,10,299.3457142857143,24,Male,Kuala Lumpur,Bronze,Online Banking,Electronics,2025-09-06,2025-09-23 14:36:52,2026-03-15 12:40:08,216,26,0.417,3.33,698.47,0.0,0,788.517616641386,0
CUST0160,1474.97,2,8,245.82833333333335,18,Male,Johor Bahru,Bronze,Credit Card,Home,2026-06-09,2025-12-18 17:57:07,2025-12-29 20:45:22,1,101,60.0,4.0,737.48,1898.51,1,26802.86445893711,1
CUST0161,1152.62,1,2,1152.62,39,Female,Ipoh,Bronze,Credit Card,Sports,2025-12-08,2025-09-13 20:28:39,2025-09-13 20:28:39,123,208,0.244,2.0,1152.62,0.0,0,-1245.016879670933,0
CUST0163,3146.91,4,12,524.485,34,Male,Kuala Lumpur,Bronze,Credit Card,Beauty,2026-06-13,2025-07-12 09:07:20,2026-02-02 20:28:36,1,66,120.0,3.0,786.73,312.96,2,55004.141689754266,1
CUST0164,769.17,4,6,128.195,36,Female,Shah Alam,Bronze,Online Banking,Beauty,2025-12-01,2025-07-23 13:29:36,2025-11-15 22:07:27,130,145,0.923,1.5,192.29,1274.82,3,377.65258077567535,0
CUST0165,650.8199999999999,2,4,216.93999999999997,41,Male,Kuala Lumpur,Bronze,E-Wallet,Electronics,2025-12-04,2025-11-22 13:11:03,2026-01-06 11:08:24,127,94,0.472,2.0,325.41,261.51,1,-16.846001394129487,0
CUST0166,3047.13,4,13,338.57,30,Female,Melaka,Bronze,E-Wallet,Fashion,2024-07-22,2025-12-14 19:29:31,2026-03-28 11:05:29,627,13,0.191,3.25,761.78,2801.25,2,1472.9233070364592,0
CUST0167,1669.95,3,14,185.55,40,Female,Shah Alam,Bronze,Online Banking,Fashion,2024-09-03,2025-12-25 14:49:05,2026-02-27 21:39:46,584,41,0.154,4.67,556.65,508.74,1,323.30368651096586,0
CUST0168,3252.2599999999998,5,9,464.6085714285714,35,Female,Penang,Gold,Credit Card,Fashion,2024-10-12,2025-09-03 07:59:57,2025-12-24 12:55:25,545,107,0.275,1.8,650.45,0.0,0,1019.901969353475,0
CUST0169,1377.68,3,8,229.61333333333334,30,Female,Johor Bahru,Silver,E-Wallet,Beauty,2025-11-15,2025-09-01 19:28:51,2026-01-16 11:21:52,146,84,0.616,2.67,459.23,123.28999999999999,1,527.1802318243341,0
CUST0170,5524.95,5,17,460.41249999999997,61,Female,Kuala Lumpur,Bronze,Credit Card,Fashion,2026-06-14,2025-09-23 18:38:36,2026-04-05 19:57:06,1,4,150.0,3.4,1104.99,584.48,1,69982.90860721358,1
CUST0171,550.6,1,4,183.53333333333333,26,Female,Kuala Lumpur,Bronze,Online Banking,Electronics,2025-07-11,2025-09-13 13:00:42,2025-09-13 13:00:42,273,209,0.11,4.0,550.6,0.0,0,-691.014530247041,0
CUST0172,151.59,1,1,151.59,35,Male,Johor Bahru,Bronze,Cash on Delivery,Fashion,2026-04-08,2026-03-10 17:22:22,2026-03-10 17:22:22,2,31,15.0,1.0,151.59,857.03,3,6720.6525825155095,1
CUST0173,186.04,2,2,93.02,44,Male,Ipoh,Bronze,E-Wallet,Beauty,2025-06-02,2026-02-15 19:57:02,2026-04-02 10:06:00,312,8,0.192,1.0,93.02,0.0,0,671.4728288580702,0
CUST0174,571.87,1,4,285.935,59,Female,Shah Alam,Silver,Online Banking,Fashion,2025-05-08,2025-12-27 15:38:13,2025-12-27 15:38:13,337,104,0.089,4.0,571.87,0.0,0,-396.5489594887032,0
CUST0175,3944.3999999999996,3,14,438.26666666666665,59,Female,Penang,Bronze,E-Wallet,Beauty,2026-03-14,2025-09-09 20:01:40,2026-04-05 19:29:38,27,4,3.333,4.67,1314.8,200.92000000000002,1,2793.6596817540412,1
CUST0176,3154.16,5,10,450.5942857142857,57,Female,Shah Alam,Bronze,E-Wallet,Home,2025-06-16,2025-08-09 12:43:09,2026-04-08 08:14:13,298,2,0.503,2.0,630.83,0.0,0,1576.5151332186697,0
CUST0177,2491.69,3,5,830.5633333333334,30,Male,Ipoh,Silver,Debit Card,Home,2025-09-27,2025-08-27 17:54:06,2026-03-02 21:37:45,195,38,0.462,1.67,830.56,317.17999999999995,1,1132.1623774124864,0
CUST0178,1758.72,3,7,351.744,25,Male,Ipoh,Silver,Online Banking,Home,2025-06-08,2025-07-19 08:56:30,2026-03-13 14:36:16,306,28,0.294,2.33,586.24,0.0,0,1878.8164063523075,0
CUST0179,2985.34,4,10,497.5566666666667,37,Female,Johor Bahru,Bronze,Credit Card,Fashion,2024-10-21,2025-07-17 12:17:38,2026-02-13 20:29:11,536,55,0.224,2.5,746.34,0.0,0,898.1836622714648,0
CUST0180,3047.47,3,7,609.4939999999999,34,Male,Penang,Bronze,E-Wallet,Electronics,2025-07-26,2025-07-25 03:02:31,2025-12-03 08:17:41,258,128,0.349,2.33,1015.82,303.18,1,853.1357213077206,0
CUST0181,1505.87,3,8,301.174,62,Male,Shah Alam,Silver,E-Wallet,Fashion,2025-04-17,2025-10-08 20:55:27,2026-02-15 09:59:10,358,54,0.251,2.67,501.96,0.0,0,501.9799876695408,0
CUST0182,3548.27,3,8,887.0675,65,Female,Ipoh,Bronze,Credit Card,Electronics,2024-09-22,2025-10-21 05:55:54,2026-03-11 17:20:48,565,30,0.159,2.67,1182.76,0.0,0,1759.4950545059853,0
CUST0184,412.18,1,1,412.18,27,Female,Johor Bahru,Silver,Credit Card,Fashion,2026-02-07,2025-09-24 14:01:24,2025-09-24 14:01:24,62,198,0.484,1.0,412.18,891.46,2,-717.2041618629478,0
CUST0185,4553.05,5,13,505.89444444444445,23,Female,Penang,Bronze,Online Banking,Beauty,2025-01-10,2025-07-15 13:29:32,2026-02-12 08:11:24,455,57,0.33,2.6,910.61,55.77,1,1831.2442358196686,0
CUST0186,1197.54,2,5,299.385,53,Female,Penang,Silver,Credit Card,Fashion,2026-02-13,2025-07-25 21:54:28,2025-10-07 15:40:42,56,185,1.071,2.5,598.77,0.0,0,-103.17788414740197,0
CUST0187,666.22,2,3,333.11,60,Male,Shah Alam,Silver,Credit Card,Electronics,2025-11-26,2025-12-01 08:55:49,2026-01-11 10:49:29,135,89,0.444,1.5,333.11,272.03,2,-18.198693400286658,0
CUST0188,862.53,2,6,215.6325,31,Male,Penang,Platinum,E-Wallet,Beauty,2026-07-06,2025-09-19 10:25:02,2025-11-27 23:06:47,1,133,60.0,3.0,431.26,86.15,1,27634.01077051873,1
CUST0189,1196.37,2,5,299.0925,37,Male,Melaka,Silver,Credit Card,Electronics,2025-12-15,2025-09-24 22:21:51,2025-10-04 16:19:12,116,188,0.517,2.5,598.18,1395.44,1,-521.8647181192731,0
CUST0190,567.42,1,2,567.42,34,Female,Kuala Lumpur,Bronze,E-Wallet,Beauty,2026-06-25,2025-11-26 10:39:04,2025-11-26 10:39:04,1,135,30.0,2.0,567.42,248.32,1,12309.634982681462,1
CUST0191,392.48,2,3,196.24,41,Female,Shah Alam,Bronze,Online Banking,Fashion,2026-03-21,2025-11-15 04:05:53,2025-12-10 19:09:48,20,120,3.0,1.5,196.24,852.39,1,320.0898489881332,0
CUST0192,2483.5299999999997,5,8,413.9216666666666,59,Female,Penang,Silver,Credit Card,Sports,2026-06-03,2025-07-20 14:38:08,2026-02-05 03:09:09,1,64,150.0,1.6,496.71,1446.1599999999999,2,68767.64127120274,1
CUST0193,808.81,4,8,134.80166666666665,63,Male,Johor Bahru,Bronze,E-Wallet,Electronics,2025-07-31,2025-09-19 11:37:56,2026-03-18 13:55:22,253,23,0.474,2.0,202.2,0.0,0,1345.0654397436522,0
CUST0194,96.87,1,3,96.87,38,Male,Johor Bahru,Bronze,Debit Card,Beauty,2025-04-17,2025-07-19 19:35:08,2025-07-19 19:35:08,358,264,0.084,3.0,96.87,0.0,0,-1864.2984352492965,0
CUST0196,2001.3600000000001,5,9,333.56,37,Female,Ipoh,Bronze,Debit Card,Beauty,2026-06-16,2025-08-01 22:35:02,2026-02-16 16:52:28,1,53,150.0,1.8,400.27,87.01,1,68334.95258586154,1
CUST0197,5470.47,5,11,911.745,52,Male,Melaka,Bronze,Debit Card,Beauty,2025-07-15,2025-08-30 03:48:17,2026-02-20 13:18:28,269,49,0.558,2.2,1094.09,534.37,1,2473.8036488608896,1
CUST0198,368.76,2,2,184.38,33,Female,Melaka,Bronze,Debit Card,Fashion,2025-04-04,2025-09-27 18:48:31,2025-10-08 20:41:34,371,183,0.162,1.0,184.38,198.35,1,-564.9333904026113,0
CUST0199,1602.83,3,11,228.97571428571428,54,Female,Kuala Lumpur,Silver,Online Banking,Fashion,2025-12-16,2025-09-30 17:51:04,2026-03-07 03:38:52,115,34,0.783,3.67,534.28,808.71,1,1328.1243754773495,0
CUST0200,487.16999999999996,3,6,97.434,59,Male,Johor Bahru,Gold,Debit Card,Sports,2025-06-02,2025-12-17 10:00:10,2026-01-23 13:51:08,312,77,0.288,2.0,162.39,133.54,1,500.284969208192,0
CUST0201,465.71,1,3,232.855,30,Male,Johor Bahru,Platinum,Credit Card,Beauty,2026-05-05,2026-04-07 15:16:11,2026-04-07 15:16:11,1,3,30.0,3.0,465.71,140.01999999999998,2,15146.19954852096,1
CUST0202,1718.65,4,9,214.83125,26,Male,Johor Bahru,Bronze,E-Wallet,Beauty,2025-03-18,2025-08-31 08:03:07,2026-03-11 14:27:53,388,30,0.309,2.25,429.66,712.38,2,1130.642253461565,0
CUST0203,3032.9300000000003,3,10,606.586,38,Female,Penang,Bronze,Credit Card,Fashion,2025-10-08,2025-11-05 19:01:52,2026-02-07 06:38:44,184,62,0.489,3.33,1010.98,0.0,0,1683.090097198597,0
CUST0204,1115.23,5,9,185.87166666666667,44,Male,Johor Bahru,Bronze,Credit Card,Beauty,2025-03-12,2025-07-14 21:33:58,2026-02-09 15:53:31,394,60,0.381,1.8,223.05,0.0,0,745.912553027667,0
CUST0205,135.88,1,2,135.88,20,Female,Ipoh,Silver,Credit Card,Sports,2025-01-18,2025-09-28 09:30:11,2025-09-28 09:30:11,447,194,0.067,2.0,135.88,3024.79,3,-1532.856161102175,0
CUST0206,67.94,1,1,67.94,33,Female,Ipoh,Gold,Debit Card,Sports,2025-10-21,2026-01-11 14:56:26,2026-01-11 14:56:26,171,89,0.175,1.0,67.94,303.18,1,-368.32671973598275,0
CUST0207,3062.5099999999998,3,11,510.4183333333333,36,Female,Kuala Lumpur,Bronze,E-Wallet,Beauty,2024-08-21,2025-12-11 17:52:05,2026-04-06 20:02:28,597,3,0.151,3.67,1020.84,496.64,1,2053.6532762809375,1
CUST0208,1242.79,1,5,414.2633333333333,54,Female,Shah Alam,Bronze,Debit Card,Beauty,2026-07-01,2026-02-19 16:51:38,2026-02-19 16:51:38,1,50,30.0,5.0,1242.79,1296.78,1,14258.259502274155,1
CUST0209,852.06,2,3,284.02,35,Female,Ipoh,Bronze,Debit Card,Beauty,2025-06-02,2025-10-03 13:10:20,2026-02-21 19:53:12,312,47,0.192,1.5,426.03,0.0,0,185.78927535108977,0
CUST0210,2501.89,3,9,357.41285714285715,26,Female,Penang,Platinum,Debit Card,Electronics,2026-05-22,2025-08-16 07:42:04,2026-03-19 09:13:49,1,22,90.0,3.0,833.96,2382.29,3,42425.54593760241,1
CUST0211,3839.34,6,21,274.23857142857145,44,Male,Johor Bahru,Gold,Debit Card,Home,2024-07-25,2025-08-01 08:01:35,2026-04-05 18:08:39,624,4,0.288,3.5,639.89,1083.8,1,3272.8745022847706,1
CUST0212,3087.09,5,10,385.88625,53,Female,Penang,Bronze,E-Wallet,Fashion,2025-07-05,2025-07-18 06:26:38,2026-02-27 01:33:52,279,42,0.538,2.0,617.42,0.0,0,1199.1155112847791,0
CUST0213,756.09,2,6,151.21800000000002,47,Female,Shah Alam,Bronze,E-Wallet,Fashion,2025-12-22,2025-07-19 15:11:29,2025-12-11 07:08:20,109,120,0.55,3.0,378.04,744.96,1,-521.0229566345392,0
CUST0215,283.71,1,1,283.71,34,Female,Kuala Lumpur,Silver,Online Banking,Beauty,2026-02-10,2025-10-02 17:34:34,2025-10-02 17:34:34,59,190,0.508,1.0,283.71,111.94,2,-596.9371218588344,0
CUST0217,3639.98,4,12,519.9971428571429,49,Male,Kuala Lumpur,Bronze,E-Wallet,Fashion,2025-03-05,2025-07-26 11:38:34,2026-01-05 16:19:25,401,95,0.299,3.0,910.0,0.0,0,990.4312069991436,0
CUST0218,2970.09,3,14,424.29857142857145,38,Male,Johor Bahru,Silver,Credit Card,Beauty,2025-07-02,2025-07-24 09:00:32,2026-03-29 22:25:18,282,11,0.319,4.67,990.03,174.02,1,1703.288846647975,0
CUST0219,1240.94,4,8,248.18800000000002,22,Male,Shah Alam,Silver,Credit Card,Home,2026-02-11,2025-10-02 16:07:44,2026-02-08 06:13:08,58,61,2.069,2.0,310.24,0.0,0,1550.1739855164205,0
CUST0220,1362.56,3,10,227.09333333333333,58,Male,Kuala Lumpur,Bronze,Debit Card,Sports,2025-09-04,2025-08-31 08:18:21,2025-12-25 10:09:55,218,106,0.413,3.33,454.19,0.0,0,292.89709207962676,0
CUST0221,3681.6,5,17,283.2,29,Male,Kuala Lumpur,Silver,Debit Card,Beauty,2024-08-01,2025-07-26 10:39:38,2026-03-03 10:25:12,617,38,0.243,3.4,736.32,0.0,0,2436.5286514598006,1
CUST0222,861.67,2,3,287.2233333333333,43,Female,Kuala Lumpur,Bronze,E-Wallet,Electronics,2025-07-10,2025-09-05 19:53:23,2025-09-14 16:58:58,274,208,0.219,1.5,430.84,0.0,0,-992.160782584389,0
CUST0223,1394.97,2,6,348.7425,40,Male,Johor Bahru,Bronze,Debit Card,Home,2025-03-03,2025-09-19 02:59:17,2025-11-25 19:00:36,403,135,0.149,3.0,697.48,2108.05,3,-59.33192235309977,0
CUST0224,2459.97,2,6,491.99399999999997,52,Male,Kuala Lumpur,Bronze,Credit Card,Electronics,2025-03-24,2025-12-24 08:07:23,2026-01-08 21:49:09,382,91,0.157,3.0,1229.98,0.0,0,-273.9207353608581,0
CUST0225,2136.5,3,4,534.125,28,Male,Johor Bahru,Silver,Credit Card,Beauty,2025-08-20,2025-08-08 07:36:07,2025-12-04 21:36:05,233,126,0.386,1.33,712.17,32.29,1,506.4235593244586,0
CUST0226,974.19,2,2,487.095,30,Female,Melaka,Silver,Debit Card,Electronics,2025-03-20,2025-09-21 08:16:19,2025-10-30 17:11:19,386,162,0.155,1.0,487.1,182.0,1,-690.414094602505,0
CUST0227,3128.3999999999996,5,10,312.84,39,Male,Ipoh,Silver,Online Banking,Electronics,2026-02-27,2025-07-15 08:38:35,2026-01-03 17:38:12,42,97,3.571,2.0,625.68,0.0,0,2349.30542885173,1
CUST0228,1006.29,4,13,125.78625,40,Male,Johor Bahru,Gold,E-Wallet,Beauty,2025-10-31,2025-07-18 18:29:40,2025-12-28 11:44:09,161,103,0.745,3.25,251.57,2585.87,2,636.0981715749372,0
CUST0229,1885.34,3,4,471.335,50,Male,Johor Bahru,Bronze,Debit Card,Sports,2025-10-02,2025-08-15 17:50:39,2026-01-29 18:41:23,190,70,0.474,1.33,628.45,1428.94,2,556.2257957547156,0
CUST0230,973.35,2,4,486.675,41,Female,Ipoh,Silver,Debit Card,Fashion,2025-03-07,2025-11-29 14:59:32,2026-02-11 09:00:08,399,58,0.15,2.0,486.68,0.0,0,754.7383898246046,0
CUST0231,1285.19,3,5,321.2975,52,Female,Johor Bahru,Gold,E-Wallet,Home,2025-06-23,2025-11-26 04:35:42,2026-04-09 23:43:14,291,0,0.309,1.67,428.4,2236.71,4,1084.6290487911526,0
CUST0232,5514.67,9,18,367.6446666666667,30,Female,Penang,Silver,E-Wallet,Beauty,2024-12-25,2025-09-22 21:51:41,2026-03-02 09:48:38,471,39,0.573,2.0,612.74,167.31,1,3216.705522408046,1
CUST0233,3376.59,4,11,675.318,23,Female,Kuala Lumpur,Silver,E-Wallet,Electronics,2026-07-07,2025-08-26 15:47:17,2026-04-05 21:32:51,1,4,120.0,2.75,844.15,0.0,0,55710.34719833325,1
CUST0234,2457.0899999999997,4,7,409.51499999999993,25,Male,Johor Bahru,Platinum,E-Wallet,Sports,2025-09-22,2025-07-29 19:34:13,2026-02-20 19:13:42,200,48,0.6,1.75,614.27,0.0,0,2111.2959169733135,1
CUST0235,408.68,2,4,204.34,58,Female,Shah Alam,Bronze,Credit Card,Beauty,2025-06-16,2025-10-15 14:56:18,2025-10-19 13:01:28,298,173,0.201,2.0,204.34,1307.58,3,-559.5467611433885,0
CUST0236,32.29,1,1,32.29,36,Female,Shah Alam,Silver,Debit Card,Beauty,2024-07-19,2025-08-23 15:58:01,2025-08-23 15:58:01,630,230,0.048,1.0,32.29,1340.9099999999999,1,-1248.758097048626,0
CUST0237,411.26,3,4,102.815,25,Male,Melaka,Bronze,Debit Card,Sports,2026-03-05,2025-07-31 10:21:43,2025-12-27 14:12:25,36,104,2.5,1.33,137.09,2535.16,3,1265.0303376049603,0
CUST0238,584.73,4,6,116.946,53,Female,Ipoh,Platinum,Debit Card,Beauty,2024-07-13,2025-08-02 09:26:11,2026-02-24 18:47:08,636,44,0.189,1.5,146.18,137.68,2,1363.628512262535,0
CUST0239,955.39,3,6,238.8475,50,Female,Penang,Silver,Debit Card,Electronics,2025-10-29,2025-08-06 08:49:47,2025-11-16 20:25:29,163,144,0.552,2.0,318.46,72.08,1,-202.79341408474613,0
CUST0240,548.7,2,5,137.175,38,Male,Penang,Silver,Credit Card,Beauty,2024-10-02,2025-08-17 17:56:26,2025-12-25 08:13:52,555,106,0.108,2.5,274.35,120.44,1,-195.70558590817484,0
CUST0242,443.98,1,4,221.99,28,Male,Kuala Lumpur,Gold,E-Wallet,Beauty,2026-03-04,2025-07-12 09:07:22,2025-07-12 09:07:22,37,272,0.811,4.0,443.98,198.35,1,-850.7831230550723,0
CUST0243,2993.52,3,7,598.704,58,Female,Kuala Lumpur,Bronze,E-Wallet,Electronics,2024-09-04,2025-08-10 14:46:17,2026-04-06 08:29:12,583,4,0.154,2.33,997.84,1367.74,2,1506.8326754587988,0
CUST0244,1695.42,4,11,242.20285714285714,57,Female,Penang,Bronze,E-Wallet,Beauty,2026-03-25,2025-07-18 19:15:14,2026-03-31 18:38:31,16,9,7.5,2.75,423.86,483.64,1,3996.8611747183218,1
CUST0245,1886.02,4,10,377.204,61,Male,Penang,Bronze,Credit Card,Fashion,2026-02-20,2025-08-28 21:14:33,2026-04-05 21:31:05,49,4,2.449,2.5,471.5,0.0,0,2241.828423569756,1
CUST0247,151.59,1,1,151.59,46,Female,Melaka,Bronze,Credit Card,Fashion,2025-08-08,2025-07-27 17:11:58,2025-07-27 17:11:58,245,257,0.122,1.0,151.59,237.77,2,-1748.1635844513833,0
CUST0248,1452.99,4,10,181.62375,26,Female,Penang,Bronze,Credit Card,Fashion,2026-01-22,2025-09-19 12:28:23,2026-03-17 20:45:05,78,23,1.538,2.5,363.25,0.0,0,2377.762413136872,1
CUST0249,1706.56,3,12,213.32,33,Male,Melaka,Bronze,Debit Card,Beauty,2026-04-05,2025-07-13 23:50:04,2025-12-04 21:32:31,5,126,18.0,4.0,568.85,316.0,1,8706.191613948586,1
CUST0250,456.78,1,2,456.78,35,Male,Melaka,Gold,Credit Card,Home,2026-07-04,2026-04-08 08:36:52,2026-04-08 08:36:52,1,2,30.0,2.0,456.78,552.96,3,14065.237827304412,1
CUST0251,1683.46,3,7,420.865,43,Male,Johor Bahru,Platinum,Debit Card,Sports,2025-11-13,2025-07-19 14:27:47,2026-02-04 13:53:00,148,65,0.608,2.33,561.15,0.0,0,1602.2268234577882,0
CUST0252,2456.7599999999998,4,8,409.46,33,Male,Kuala Lumpur,Bronze,Credit Card,Fashion,2026-05-25,2025-12-20 14:54:15,2026-03-22 12:44:43,1,19,120.0,2.0,614.19,0.0,0,54675.66129935705,1
CUST0253,109.92,1,1,109.92,35,Female,Ipoh,Silver,Credit Card,Sports,2024-12-06,2025-10-22 19:57:16,2025-10-22 19:57:16,490,169,0.061,1.0,109.92,840.21,1,-1122.8254548872203,0
CUST0254,55.77,1,1,55.77,19,Female,Shah Alam,Bronze,Credit Card,Electronics,2024-12-27,2025-11-12 19:55:55,2025-11-12 19:55:55,469,148,0.064,1.0,55.77,638.8,2,-905.2187487433807,0
CUST0255,576.31,1,1,576.31,39,Male,Kuala Lumpur,Silver,Online Banking,Sports,2025-09-19,2026-01-29 03:28:14,2026-01-29 03:28:14,203,71,0.148,1.0,576.31,2177.7799999999997,3,492.35726731088175,0
CUST0256,3515.02,5,18,292.91833333333335,28,Male,Shah Alam,Bronze,Online Banking,Beauty,2025-02-13,2025-10-18 12:23:33,2026-03-12 19:32:35,421,28,0.356,3.6,703.0,0.0,0,1511.277656789737,0
CUST0258,737.52,1,4,368.76,25,Male,Kuala Lumpur,Bronze,Online Banking,Fashion,2025-04-10,2026-01-11 18:42:45,2026-01-11 18:42:45,365,88,0.082,4.0,737.52,55.77,1,-517.9192540237289,0
CUST0260,6554.56,5,19,655.456,31,Male,Kuala Lumpur,Bronze,E-Wallet,Electronics,2026-05-14,2025-07-17 12:35:34,2026-01-22 22:25:20,1,77,150.0,3.8,1310.91,0.0,0,69026.54483959147,1
CUST0261,682.77,1,3,341.385,38,Female,Ipoh,Bronze,E-Wallet,Fashion,2025-09-22,2025-10-26 20:09:10,2025-10-26 20:09:10,200,165,0.15,3.0,682.77,595.05,1,-950.4635721907177,0
CUST0262,603.1,2,4,301.55,37,Female,Kuala Lumpur,Bronze,E-Wallet,Fashion,2025-02-15,2025-08-13 16:02:02,2025-11-27 16:19:32,419,134,0.143,2.0,301.55,0.0,0,-928.4100441508472,0
CUST0264,3040.04,5,10,506.67333333333335,35,Female,Melaka,Bronze,E-Wallet,Beauty,2025-10-26,2025-08-30 15:03:29,2026-03-16 20:20:07,166,24,0.904,2.0,608.01,2371.5699999999997,3,1693.510200421874,0
CUST0265,1288.34,3,5,257.668,33,Male,Ipoh,Bronze,Debit Card,Beauty,2026-01-16,2025-09-18 23:02:50,2026-02-18 10:19:31,84,51,1.071,1.67,429.45,562.01,1,577.967727641344,0
CUST0266,1234.25,2,4,308.5625,22,Female,Kuala Lumpur,Silver,Cash on Delivery,Beauty,2024-07-20,2025-09-03 20:18:41,2026-02-18 18:06:22,629,50,0.095,2.0,617.12,0.0,0,531.745606011605,0
CUST0267,2730.2799999999997,5,21,248.2072727272727,29,Male,Johor Bahru,Bronze,E-Wallet,Beauty,2025-08-29,2025-08-26 18:44:42,2026-03-29 16:32:16,224,12,0.67,4.2,546.06,839.64,1,1145.893063025179,0
CUST0268,1313.56,3,5,328.39,65,Male,Johor Bahru,Bronze,Debit Card,Home,2024-11-08,2026-01-16 12:47:52,2026-02-13 21:36:23,518,55,0.174,1.67,437.85,0.0,0,-55.41983588684673,0
CUST0269,687.79,2,4,229.26333333333332,24,Female,Ipoh,Gold,E-Wallet,Electronics,2026-06-08,2025-11-23 14:53:22,2025-12-14 21:08:51,1,116,60.0,2.0,343.9,0.0,0,27897.962989209904,1
CUST0270,503.98,4,7,125.995,48,Female,Ipoh,Bronze,Debit Card,Beauty,2024-12-25,2025-10-17 16:26:34,2026-04-03 18:38:19,471,6,0.255,1.75,126.0,0.0,0,272.5450965540892,0
CUST0271,3745.9,5,10,468.2375,28,Male,Penang,Bronze,E-Wallet,Fashion,2025-06-30,2025-11-01 21:46:17,2026-04-03 03:42:06,284,7,0.528,2.0,749.18,3233.79,3,1708.790047540876,0
CUST0272,986.06,3,6,246.515,23,Male,Penang,Silver,Credit Card,Home,2026-02-23,2025-08-16 21:13:33,2026-02-26 08:12:26,46,43,1.957,2.0,328.69,708.14,1,2134.69073491246,1
CUST0273,3996.45,6,16,444.04999999999995,26,Male,Melaka,Bronze,E-Wallet,Fashion,2024-11-26,2025-08-01 09:17:07,2026-03-07 21:37:28,500,33,0.36,2.67,666.08,919.3000000000001,1,3033.531009234142,1
CUST0274,1846.02,3,6,369.204,23,Female,Kuala Lumpur,Silver,Credit Card,Sports,2025-08-26,2025-11-14 16:39:17,2026-03-03 08:14:00,227,38,0.396,2.0,615.34,1798.33,2,720.2586799111305,0
CUST0275,177.86,2,2,88.93,39,Female,Johor Bahru,Silver,Debit Card,Sports,2025-06-21,2026-02-26 07:43:47,2026-04-06 10:07:16,293,4,0.205,1.0,88.93,0.0,0,483.61386512418926,0
CUST0276,2339.25,3,7,584.8125,25,Male,Penang,Silver,Credit Card,Electronics,2026-06-23,2025-09-29 00:29:53,2026-03-07 14:37:42,1,34,90.0,2.33,779.75,0.0,0,41776.281942829184,1
CUST0277,2376.64,5,10,339.52,54,Female,Ipoh,Platinum,E-Wallet,Home,2025-06-21,2025-08-08 22:28:17,2026-01-09 06:08:24,293,91,0.512,2.0,475.33,0.0,0,2539.268175541957,1
CUST0278,1988.62,3,11,220.95777777777778,32,Female,Johor Bahru,Bronze,Online Banking,Fashion,2026-06-11,2025-07-17 20:12:11,2025-09-12 06:24:52,1,210,90.0,3.67,662.87,576.31,1,39530.61702255012,1
CUST0279,888.89,2,3,296.2966666666667,28,Female,Kuala Lumpur,Gold,E-Wallet,Fashion,2025-08-25,2025-11-22 17:11:05,2026-01-08 20:22:58,228,91,0.263,1.5,444.44,111.54,1,455.6142539202616,0
CUST0280,640.5699999999999,2,2,320.28499999999997,47,Male,Johor Bahru,Silver,E-Wallet,Fashion,2026-01-04,2026-03-01 11:29:00,2026-04-10 17:50:58,96,0,0.625,1.0,320.28,0.0,0,1267.5176516216104,0
CUST0281,1089.84,3,8,272.46,63,Female,Shah Alam,Silver,E-Wallet,Fashion,2025-04-24,2025-11-13 15:07:30,2026-02-20 11:44:14,351,49,0.256,2.67,363.28,0.0,0,866.8121260633166,0
CUST0282,903.46,3,7,150.57666666666668,19,Female,Melaka,Gold,E-Wallet,Beauty,2026-05-27,2025-10-02 18:20:36,2026-03-25 12:44:04,1,16,90.0,2.33,301.15,0.0,0,41516.55637506947,1
CUST0283,2591.02,4,17,215.91833333333332,27,Male,Ipoh,Bronze,Debit Card,Beauty,2025-12-12,2025-08-16 18:46:43,2026-03-11 19:16:53,119,29,1.008,4.25,647.76,995.92,1,1561.6189624193855,0
CUST0284,257.9,1,3,85.96666666666665,18,Male,Shah Alam,Silver,Credit Card,Beauty,2024-09-13,2025-11-23 13:15:30,2025-11-23 13:15:30,574,138,0.052,3.0,257.9,123.71000000000001,2,-1101.5485329294936,0
CUST0285,2226.41,3,13,445.282,25,Male,Johor Bahru,Bronze,E-Wallet,Electronics,2025-08-20,2025-10-22 13:53:44,2025-12-10 20:56:40,233,120,0.386,4.33,742.14,0.0,0,269.58268960886704,0
CUST0286,1000.96,3,8,200.192,28,Female,Penang,Bronze,Credit Card,Beauty,2024-07-18,2025-08-31 18:10:32,2025-12-02 13:39:03,631,129,0.143,2.67,333.65,1582.2600000000002,3,-350.5496215031343,0
CUST0287,1214.82,3,8,242.964,45,Male,Shah Alam,Silver,Debit Card,Electronics,2024-11-09,2025-08-10 09:56:42,2025-08-28 21:06:04,517,224,0.174,2.67,404.94,567.55,1,-597.2535386308105,0
CUST0288,1057.08,4,6,176.17999999999998,21,Male,Kuala Lumpur,Silver,Credit Card,Beauty,2026-02-01,2025-08-07 20:42:41,2026-04-02 17:18:35,68,8,1.765,1.5,264.27,567.42,1,1635.8634734133445,0
CUST0289,273.0,1,3,273.0,29,Female,Ipoh,Bronze,E-Wallet,Home,2024-09-25,2025-09-23 11:40:02,2025-09-23 11:40:02,562,199,0.053,3.0,273.0,0.0,0,-1187.5615171092013,0
CUST0290,196.93,1,2,98.465,29,Male,Shah Alam,Bronze,Credit Card,Home,2025-03-10,2025-07-12 18:14:19,2025-07-12 18:14:19,396,271,0.076,2.0,196.93,0.0,0,-1590.4239637630599,0
CUST0291,562.31,3,5,112.46199999999999,30,Male,Ipoh,Bronze,Online Banking,Beauty,2024-12-02,2025-08-30 14:10:06,2026-02-24 19:23:45,494,44,0.182,1.67,187.44,0.0,0,341.10876468396305,0
CUST0292,1349.54,3,6,269.908,20,Female,Penang,Silver,Online Banking,Beauty,2025-03-04,2025-10-08 19:55:15,2026-03-03 18:49:32,402,37,0.224,2.0,449.85,866.95,1,1010.2537429397211,0
CUST0293,253.67000000000002,2,4,84.55666666666667,30,Male,Kuala Lumpur,Bronze,Online Banking,Beauty,2026-01-21,2025-08-22 07:46:44,2025-11-22 12:20:14,79,139,0.759,2.0,126.84,1097.26,3,-423.0611283477465,0
CUST0294,5746.51,2,12,957.7516666666667,31,Male,Kuala Lumpur,Silver,Debit Card,Sports,2024-08-28,2025-11-21 16:50:47,2026-03-15 18:52:52,590,25,0.102,6.0,2873.26,117.66,1,2347.208037581995,1
CUST0295,673.4,3,4,168.35,33,Male,Ipoh,Bronze,Credit Card,Beauty,2024-10-29,2025-08-14 19:11:07,2026-03-20 20:34:39,528,20,0.17,1.33,224.47,0.0,0,259.64468826000336,0
CUST0296,1403.56,4,10,233.92666666666665,50,Female,Kuala Lumpur,Gold,E-Wallet,Fashion,2026-05-15,2025-09-05 22:03:06,2026-03-25 13:43:01,1,16,120.0,2.5,350.89,1339.03,2,55554.01899158565,1
CUST0297,231.01999999999998,2,3,77.00666666666666,19,Male,Melaka,Gold,Credit Card,Fashion,2026-05-08,2025-11-30 22:42:42,2026-02-27 18:24:31,1,41,60.0,1.5,115.51,693.97,2,27558.806690555277,1
CUST0298,2931.89,4,17,325.7655555555555,39,Female,Ipoh,Bronze,Credit Card,Electronics,2025-11-16,2025-08-13 23:29:52,2026-01-29 17:46:07,145,71,0.828,4.25,732.97,0.0,0,2043.3704081257079,1
CUST0299,743.47,2,4,185.8675,19,Male,Penang,Silver,E-Wallet,Beauty,2024-12-18,2025-11-28 17:28:04,2026-01-09 20:40:42,478,90,0.126,2.0,371.74,483.98,1,637.5887158663348,0
CUST0301,1109.81,4,7,221.962,28,Female,Johor Bahru,Bronze,Credit Card,Beauty,2024-10-01,2025-11-07 20:50:37,2025-12-27 21:02:18,556,103,0.216,1.75,277.45,1152.62,1,276.6797933947752,0
CUST0302,348.28,2,4,87.07,30,Male,Penang,Bronze,Cash on Delivery,Beauty,2025-03-20,2025-11-02 20:37:23,2026-02-04 20:19:18,386,64,0.155,2.0,174.14,0.0,0,-347.4220233931687,0
CUST0303,3291.2,8,24,219.41333333333333,37,Male,Kuala Lumpur,Bronze,E-Wallet,Fashion,2024-07-25,2025-07-15 17:10:17,2026-03-06 09:41:58,624,35,0.385,3.0,411.4,1952.82,3,1615.8259848058037,0
CUST0304,788.4,3,4,197.1,32,Female,Ipoh,Silver,E-Wallet,Electronics,2025-08-22,2025-09-27 10:20:04,2026-03-17 15:00:44,231,24,0.39,1.33,262.8,1029.3799999999999,3,1286.340033581103,0
CUST0305,1585.37,2,5,528.4566666666666,28,Female,Kuala Lumpur,Bronze,E-Wallet,Fashion,2024-07-30,2025-08-16 19:36:24,2025-09-12 17:33:07,619,210,0.097,2.5,792.68,0.0,0,-749.5082711985017,0
CUST0306,504.91,2,3,168.30333333333334,47,Female,Ipoh,Bronze,Credit Card,Electronics,2025-01-28,2025-09-25 18:37:10,2025-12-22 20:08:56,437,108,0.137,1.5,252.46,1704.78,1,-217.5813088129362,0
CUST0307,1641.09,3,6,410.2725,36,Female,Shah Alam,Silver,E-Wallet,Fashion,2025-01-16,2025-08-19 10:01:45,2026-03-07 17:43:09,449,34,0.2,2.0,547.03,4038.0699999999997,5,391.7764045590326,0
CUST0308,4435.22,5,16,403.2018181818182,59,Male,Johor Bahru,Silver,Online Banking,Fashion,2025-03-20,2025-07-27 03:31:18,2026-02-15 19:51:52,386,53,0.389,3.2,887.04,517.14,1,2477.9804685453632,1
CUST0309,2199.24,4,8,314.1771428571428,54,Female,Johor Bahru,Bronze,E-Wallet,Home,2024-10-14,2025-08-07 14:28:07,2026-04-07 19:43:48,543,2,0.221,2.0,549.81,0.0,0,1492.231118375027,0
CUST0310,1279.93,4,9,182.84714285714287,34,Male,Penang,Bronze,E-Wallet,Sports,2025-09-02,2025-08-14 15:58:52,2025-12-14 06:23:37,220,117,0.545,2.25,319.98,3110.8,2,-151.4252395450673,0
CUST0311,53.23,1,1,53.23,37,Male,Penang,Bronze,E-Wallet,Fashion,2024-11-22,2025-08-17 06:29:37,2025-08-17 06:29:37,504,236,0.06,1.0,53.23,0.0,0,-1887.4031826074822,0
CUST0312,2395.45,4,15,239.545,52,Male,Kuala Lumpur,Gold,Online Banking,Home,2026-06-13,2025-07-24 11:32:06,2026-02-11 09:35:42,1,58,120.0,3.75,598.86,219.84,1,55546.708521524786,1
CUST0313,131.2,1,2,131.2,41,Female,Johor Bahru,Bronze,E-Wallet,Beauty,2024-11-08,2025-10-11 17:54:39,2025-10-11 17:54:39,518,180,0.058,2.0,131.2,0.0,0,-1229.6166205753148,0
CUST0314,892.31,2,3,297.43666666666667,49,Female,Shah Alam,Bronze,Online Banking,Beauty,2026-01-30,2025-10-24 20:51:18,2026-01-10 07:20:28,70,90,0.857,1.5,446.16,402.05999999999995,1,115.69858496875571,0
CUST0315,1181.25,3,6,393.75,42,Female,Penang,Bronze,Online Banking,Electronics,2026-03-02,2025-07-19 06:24:40,2026-03-31 15:00:45,39,10,2.308,2.0,393.75,0.0,0,1695.8166061769136,0
CUST0316,1162.77,3,5,290.6925,21,Male,Kuala Lumpur,Gold,Credit Card,Electronics,2025-12-29,2025-11-26 15:59:52,2026-04-04 10:47:00,102,6,0.882,1.67,387.59,0.0,0,1627.67741762759,0
CUST0318,562.01,1,1,562.01,34,Male,Penang,Bronze,E-Wallet,Electronics,2025-10-02,2025-12-22 10:52:56,2025-12-22 10:52:56,190,109,0.158,1.0,562.01,149.95,1,-430.799620764136,0
CUST0320,67.94,1,1,67.94,40,Male,Shah Alam,Silver,E-Wallet,Sports,2026-05-11,2025-07-16 05:14:38,2025-07-16 05:14:38,1,268,30.0,1.0,67.94,0.0,0,12264.801190547605,1
CUST0321,2180.91,3,8,363.48499999999996,23,Male,Ipoh,Bronze,Online Banking,Fashion,2026-01-16,2025-07-28 21:56:33,2026-03-15 22:03:16,84,25,1.071,2.67,726.97,0.0,0,506.9380456740457,0
CUST0322,425.46000000000004,1,4,141.82000000000002,42,Female,Melaka,Gold,Cash on Delivery,Beauty,2025-10-15,2025-08-19 15:19:56,2025-08-19 15:19:56,177,234,0.169,4.0,425.46,250.69,1,-1009.9365925783895,0
CUST0323,436.03000000000003,2,5,218.01500000000001,40,Male,Kuala Lumpur,Bronze,Debit Card,Beauty,2025-03-05,2026-02-13 20:40:30,2026-03-14 09:13:32,401,27,0.15,2.5,218.02,106.46,1,305.8898474803564,0
CUST0324,988.49,1,2,494.245,44,Female,Penang,Silver,E-Wallet,Fashion,2026-03-22,2026-04-06 16:20:23,2026-04-06 16:20:23,19,4,1.579,2.0,988.49,371.45000000000005,1,1498.1193963904846,0
CUST0325,94.72,1,2,94.72,30,Female,Penang,Silver,Online Banking,Beauty,2025-03-12,2025-08-19 17:25:14,2025-08-19 17:25:14,394,234,0.076,2.0,94.72,719.18,1,-1564.8181034624513,0
CUST0326,204.82,2,2,102.41,43,Female,Shah Alam,Silver,Debit Card,Fashion,2025-10-09,2025-09-09 14:59:35,2026-03-23 06:35:39,183,18,0.328,1.0,102.41,673.88,1,-49.56562386750386,0
CUST0327,865.05,3,9,123.57857142857142,38,Female,Johor Bahru,Bronze,E-Wallet,Fashion,2024-12-03,2025-09-30 19:55:18,2026-02-20 10:08:11,493,49,0.183,3.0,288.35,0.0,0,467.9159192999383,0
CUST0328,1743.31,2,10,348.662,32,Male,Kuala Lumpur,Bronze,Online Banking,Beauty,2025-10-30,2025-09-12 10:40:12,2026-03-18 19:56:21,162,22,0.37,5.0,871.66,0.0,0,1445.2310749574647,0
CUST0329,1824.22,2,4,608.0733333333334,36,Female,Kuala Lumpur,Bronze,E-Wallet,Beauty,2025-12-02,2025-10-25 23:12:10,2026-03-15 19:13:06,129,25,0.465,2.0,912.11,144.16,1,350.8755082793517,0
CUST0331,3569.44,6,13,396.6044444444444,55,Female,Kuala Lumpur,Bronze,E-Wallet,Beauty,2025-06-23,2026-01-30 11:27:02,2026-03-21 15:22:32,291,20,0.619,2.17,594.91,0.0,0,2390.193804794366,1
CUST0332,3547.12,2,9,506.7314285714286,25,Female,Penang,Bronze,E-Wallet,Fashion,2025-04-14,2025-11-13 07:26:34,2026-03-14 11:41:56,361,27,0.166,4.5,1773.56,248.32,1,1225.2081719069872,0
CUST0333,652.01,2,4,217.33666666666667,48,Female,Shah Alam,Bronze,Credit Card,Fashion,2025-10-27,2025-08-11 04:53:52,2025-11-23 21:18:15,165,137,0.364,2.0,326.0,0.0,0,-485.46002104009654,0
CUST0334,1262.27,1,3,420.75666666666666,34,Male,Ipoh,Bronze,E-Wallet,Fashion,2026-03-29,2025-11-13 21:48:14,2025-11-13 21:48:14,12,147,2.5,3.0,1262.27,1211.07,2,142.2800212536178,0
CUST0335,1720.04,2,4,860.02,30,Male,Ipoh,Bronze,Credit Card,Beauty,2026-02-07,2025-10-30 16:45:53,2026-03-07 11:44:34,62,34,0.968,2.0,860.02,275.75,2,888.554339675443,0
CUST0336,622.43,3,3,207.47666666666666,30,Female,Shah Alam,Bronze,Online Banking,Beauty,2025-07-22,2025-07-20 07:40:55,2026-03-12 18:57:12,262,28,0.344,1.0,207.48,0.0,0,963.6661081446355,0
CUST0337,2927.42,3,7,487.90333333333336,32,Female,Melaka,Platinum,Credit Card,Electronics,2025-07-05,2025-09-15 20:24:41,2026-01-21 08:59:39,279,79,0.323,2.33,975.81,1240.46,2,2101.8763346956976,1
CUST0338,1174.94,1,3,391.6466666666667,30,Male,Penang,Bronze,Online Banking,Home,2025-04-17,2025-07-19 21:17:25,2025-07-19 21:17:25,358,264,0.084,3.0,1174.94,800.61,2,-936.6619381065195,0
CUST0339,1354.05,3,8,338.5125,51,Female,Shah Alam,Bronze,Credit Card,Home,2024-07-21,2025-08-04 08:34:15,2026-03-26 14:55:27,628,15,0.143,2.67,451.35,576.31,1,1190.3616611421926,0
CUST0340,1436.33,1,3,718.165,42,Male,Shah Alam,Silver,E-Wallet,Beauty,2025-10-11,2025-08-30 20:08:28,2025-08-30 20:08:28,181,222,0.166,3.0,1436.33,0.0,0,-674.9041623746482,0
CUST0341,3447.12,4,12,492.44571428571425,52,Male,Shah Alam,Bronze,Online Banking,Home,2025-01-27,2025-07-24 20:18:02,2026-03-13 12:50:52,438,28,0.274,3.0,861.78,0.0,0,2196.169084158727,1
CUST0342,2810.05,1,5,2810.05,29,Female,Melaka,Bronze,Online Banking,Electronics,2026-01-17,2025-12-03 19:51:06,2025-12-03 19:51:06,83,127,0.361,5.0,2810.05,3827.28,2,403.61510555840454,0
CUST0343,87.01,1,1,87.01,61,Male,Kuala Lumpur,Bronze,Online Banking,Home,2025-01-03,2025-08-02 19:15:51,2025-08-02 19:15:51,462,250,0.065,1.0,87.01,2299.83,2,-1530.5006381210292,0
CUST0345,894.53,4,8,127.78999999999999,65,Male,Penang,Bronze,Debit Card,Sports,2026-02-01,2025-09-12 21:29:42,2026-02-10 20:08:09,68,58,1.765,2.0,223.63,0.0,0,1019.535666262852,0
CUST0347,2545.5,4,8,363.64285714285717,30,Male,Shah Alam,Silver,E-Wallet,Electronics,2025-07-09,2025-09-13 16:55:32,2026-03-27 14:01:55,275,14,0.436,2.0,636.38,0.0,0,1728.4160355507217,0
CUST0348,1679.28,1,2,1679.28,44,Male,Penang,Bronze,E-Wallet,Home,2024-12-22,2025-10-11 21:25:30,2025-10-11 21:25:30,474,180,0.063,2.0,1679.28,1953.1799999999998,3,-948.000338155097,0
CUST0349,5319.01,4,8,1329.7525,29,Male,Shah Alam,Bronze,E-Wallet,Electronics,2024-11-16,2025-07-20 17:18:54,2026-01-10 20:36:55,510,89,0.235,2.0,1329.75,248.32,1,2081.7578771081985,1
CUST0350,308.27,1,2,154.135,38,Female,Kuala Lumpur,Bronze,E-Wallet,Electronics,2026-05-09,2025-12-20 08:21:55,2025-12-20 08:21:55,1,111,30.0,2.0,308.27,0.0,0,12427.488231909798,1
CUST0351,1110.04,4,6,185.00666666666666,20,Male,Penang,Silver,Debit Card,Fashion,2024-12-19,2025-11-18 01:09:28,2026-02-11 10:26:53,477,58,0.252,1.5,277.51,0.0,0,1041.7366198461814,0
CUST0352,2365.8900000000003,2,10,591.4725000000001,24,Male,Melaka,Silver,Credit Card,Fashion,2025-03-05,2025-09-06 11:09:12,2025-11-25 17:50:24,401,136,0.15,5.0,1182.95,0.0,0,230.8336298731942,0
CUST0353,745.45,3,6,186.3625,37,Male,Kuala Lumpur,Bronze,Credit Card,Beauty,2025-09-14,2025-09-28 18:10:53,2026-02-15 21:42:10,208,53,0.433,2.0,248.48,117.66,1,801.6939827135618,0
CUST0355,1358.1,5,9,194.0142857142857,23,Female,Melaka,Bronze,Online Banking,Fashion,2024-12-05,2025-09-04 18:02:52,2026-03-15 10:30:47,491,26,0.305,1.8,271.62,0.0,0,1267.389146055941,0
CUST0356,2318.52,3,9,331.21714285714285,37,Female,Melaka,Silver,Credit Card,Electronics,2026-04-25,2025-09-04 20:08:30,2026-01-03 08:30:02,1,97,90.0,3.0,772.84,0.0,0,41782.708155176384,1
CUST0357,687.51,2,6,171.8775,36,Male,Johor Bahru,Platinum,Online Banking,Fashion,2026-02-28,2025-10-16 19:57:06,2026-01-26 10:34:55,41,74,1.463,3.0,343.76,3549.87,2,1802.7496418985256,0
CUST0358,1367.54,4,6,227.92333333333332,18,Male,Shah Alam,Bronze,Credit Card,Fashion,2026-05-16,2025-07-15 06:59:25,2025-12-14 18:49:36,1,116,120.0,1.5,341.88,0.0,0,53480.42491052137,1
CUST0359,301.55,2,2,150.775,41,Female,Shah Alam,Silver,Debit Card,Fashion,2024-10-16,2025-12-22 20:58:54,2026-03-19 16:32:27,541,22,0.111,1.0,150.78,151.59,1,446.0588894856297,0
CUST0360,1474.56,2,5,491.52,20,Male,Johor Bahru,Silver,Credit Card,Beauty,2025-08-04,2025-08-12 09:03:57,2025-11-02 19:47:03,249,158,0.241,2.5,737.28,474.15,1,-559.6565174081854,0
CUST0361,248.32,1,1,248.32,48,Male,Penang,Silver,Online Banking,Fashion,2025-02-16,2025-08-09 07:56:31,2025-08-09 07:56:31,418,244,0.072,1.0,248.32,0.0,0,-1644.0859448281963,0
CUST0362,590.31,2,6,196.76999999999998,50,Female,Kuala Lumpur,Silver,Credit Card,Beauty,2025-07-19,2025-07-23 22:41:14,2026-01-31 11:26:12,265,69,0.226,3.0,295.15,0.0,0,775.2384516468526,0
CUST0363,2248.04,1,4,2248.04,30,Male,Kuala Lumpur,Bronze,Cash on Delivery,Electronics,2026-01-06,2025-08-31 06:48:26,2025-08-31 06:48:26,94,222,0.319,4.0,2248.04,0.0,0,-502.49916618580636,0
CUST0364,2133.49,3,5,533.3725,59,Male,Johor Bahru,Platinum,Credit Card,Electronics,2024-10-12,2025-09-26 16:54:46,2026-03-29 03:17:55,545,12,0.165,1.67,711.16,1213.71,1,1840.3458499974386,0
CUST0365,109.92,1,1,109.92,29,Female,Shah Alam,Bronze,Credit Card,Sports,2024-07-24,2025-09-06 15:56:50,2025-09-06 15:56:50,625,216,0.048,1.0,109.92,91.0,1,-1902.7290782541395,0
CUST0367,5504.280000000001,3,14,688.0350000000001,32,Male,Shah Alam,Silver,Cash on Delivery,Electronics,2024-07-30,2025-07-21 22:41:08,2025-12-04 13:18:22,619,127,0.145,4.67,1834.76,0.0,0,1597.2217325066913,0
CUST0368,395.36,2,4,197.68,33,Female,Melaka,Bronze,Cash on Delivery,Beauty,2024-08-03,2025-09-07 17:54:13,2025-10-06 17:11:20,615,186,0.098,2.0,197.68,87.01,1,-1491.3200522833945,0
CUST0369,653.5699999999999,2,3,326.78499999999997,59,Female,Johor Bahru,Silver,E-Wallet,Beauty,2024-09-11,2025-08-19 10:15:27,2025-12-25 19:50:30,576,105,0.104,1.5,326.78,1831.3899999999999,2,-309.3495970888034,0
CUST0370,1718.32,2,4,859.16,22,Female,Johor Bahru,Gold,Credit Card,Beauty,2026-07-02,2026-02-22 22:16:56,2026-03-31 09:15:19,1,10,60.0,2.0,859.16,198.35,1,28470.615315042935,1
CUST0371,457.4,2,5,152.46666666666667,31,Female,Kuala Lumpur,Silver,E-Wallet,Beauty,2025-03-01,2025-10-23 21:37:37,2025-12-17 11:21:56,405,114,0.148,2.5,228.7,0.0,0,209.0492126373436,0
CUST0372,5314.96,4,17,483.1781818181818,40,Male,Penang,Silver,E-Wallet,Electronics,2026-02-20,2025-08-07 07:09:40,2026-03-21 10:32:21,49,20,2.449,4.25,1328.74,198.35,1,3745.352515278554,1
CUST0373,123.71000000000001,1,2,61.855000000000004,20,Male,Shah Alam,Bronze,E-Wallet,Electronics,2025-01-01,2026-01-10 12:19:27,2026-01-10 12:19:27,464,90,0.065,2.0,123.71,0.0,0,-1329.402828009335,0
CUST0374,1592.02,3,6,318.404,29,Female,Melaka,Gold,Credit Card,Electronics,2025-03-25,2025-07-18 21:31:46,2025-12-21 20:16:55,381,109,0.236,2.0,530.67,760.13,3,857.9353551605909,0
CUST0375,1494.12,4,11,213.44571428571427,42,Male,Penang,Silver,Credit Card,Beauty,2025-12-05,2026-01-04 08:52:35,2026-03-22 11:06:08,126,19,0.952,2.75,373.53,1392.09,3,1554.5537506314022,0
CUST0376,1292.27,3,6,215.37833333333333,61,Female,Kuala Lumpur,Silver,Credit Card,Fashion,2025-08-09,2025-07-21 21:50:29,2025-11-16 14:22:33,244,145,0.369,2.0,430.76,1173.27,2,213.2060998804425,0
CUST0377,381.0,2,3,127.0,20,Female,Kuala Lumpur,Silver,Credit Card,Home,2026-05-10,2025-10-02 10:27:27,2025-10-22 18:12:58,1,169,60.0,1.5,190.5,115.3,1,26837.02338857792,1
CUST0378,1174.03,3,7,195.67166666666665,33,Male,Johor Bahru,Silver,Debit Card,Electronics,2026-05-10,2025-08-02 12:36:58,2026-01-01 13:47:16,1,99,90.0,2.33,391.34,0.0,0,40006.77710311834,1
CUST0379,794.44,2,5,198.61,61,Female,Penang,Silver,Credit Card,Fashion,2025-09-10,2025-11-02 17:04:55,2026-01-20 12:53:51,212,80,0.283,2.5,397.22,1257.77,3,48.51780118311305,0
CUST0380,401.84000000000003,1,4,200.92000000000002,38,Female,Penang,Silver,Online Banking,Home,2025-02-25,2025-08-08 20:53:01,2025-08-08 20:53:01,409,244,0.073,4.0,401.84,0.0,0,-1201.6887870223256,0
CUST0381,120.44,1,1,120.44,24,Male,Ipoh,Bronze,E-Wallet,Sports,2025-02-18,2025-10-23 07:24:31,2025-10-23 07:24:31,416,169,0.072,1.0,120.44,774.66,1,-1711.0040398088797,0
CUST0382,2982.52,5,11,298.252,39,Male,Kuala Lumpur,Bronze,E-Wallet,Electronics,2024-08-01,2025-08-08 16:44:34,2026-03-26 16:40:29,617,15,0.243,2.2,596.5,0.0,0,2149.8141668187277,1
CUST0384,940.1899999999999,3,9,156.69833333333332,25,Female,Shah Alam,Bronze,Online Banking,Fashion,2025-11-10,2025-10-12 22:01:16,2026-03-12 10:54:01,151,29,0.596,3.0,313.4,780.9799999999999,1,854.1913144452303,0
CUST0385,644.29,2,2,322.145,35,Female,Kuala Lumpur,Silver,Credit Card,Home,2026-02-04,2025-12-18 15:31:28,2026-04-05 21:51:25,65,4,0.923,1.0,322.14,412.18,1,1395.1558950451913,0
CUST0386,3212.94,6,14,321.294,31,Female,Penang,Bronze,E-Wallet,Fashion,2026-04-14,2025-07-29 20:39:58,2026-03-01 13:19:57,1,40,180.0,2.33,535.49,0.0,0,82324.69871846736,1
CUST0387,2004.6799999999998,4,10,286.3828571428571,56,Female,Shah Alam,Silver,E-Wallet,Beauty,2025-02-09,2025-07-30 14:09:54,2025-11-22 12:55:10,425,139,0.282,2.5,501.17,3975.73,3,731.3552914881736,0
CUST0388,4262.96,5,14,473.6622222222222,42,Female,Shah Alam,Bronze,Credit Card,Home,2025-08-12,2025-09-14 21:22:59,2026-04-08 12:32:30,241,2,0.622,2.8,852.59,0.0,0,2729.901044596163,1
CUST0389,1572.29,3,11,224.61285714285714,27,Male,Kuala Lumpur,Silver,Credit Card,Beauty,2024-11-06,2025-09-12 14:30:31,2026-02-07 09:46:11,520,62,0.173,3.67,524.1,47.36,1,823.6588070480088,0
CUST0390,1517.84,2,5,379.46,39,Male,Penang,Silver,Online Banking,Home,2025-12-18,2025-11-03 11:14:02,2026-03-13 16:26:19,113,28,0.531,2.5,758.92,299.39,1,1118.2343124445435,0
CUST0391,642.48,2,6,214.16,41,Female,Kuala Lumpur,Bronze,Credit Card,Beauty,2026-03-14,2025-08-05 05:44:21,2026-01-26 19:58:44,27,73,2.222,3.0,321.24,0.0,0,975.3881337486041,0
CUST0392,399.01,2,3,133.00333333333333,45,Female,Johor Bahru,Silver,E-Wallet,Beauty,2024-09-17,2025-12-05 20:37:12,2026-04-04 14:19:49,570,6,0.105,1.5,199.5,901.1700000000001,1,326.73265734121645,0
CUST0393,828.75,3,8,103.59375,22,Female,Melaka,Silver,Credit Card,Fashion,2025-06-18,2025-08-27 19:23:45,2026-02-18 07:54:28,296,51,0.304,2.67,276.25,0.0,0,577.2274619158765,0
CUST0395,977.81,4,5,244.4525,42,Female,Kuala Lumpur,Platinum,E-Wallet,Beauty,2025-11-09,2025-11-01 14:46:49,2026-01-26 20:17:49,152,73,0.789,1.25,244.45,0.0,0,1539.9006136416745,0
CUST0396,861.91,2,6,172.382,57,Male,Kuala Lumpur,Bronze,Credit Card,Sports,2025-05-11,2025-07-13 18:41:35,2025-11-07 20:38:54,334,153,0.18,3.0,430.96,0.0,0,-467.1436474762767,0
CUST0397,769.32,1,5,384.66,26,Male,Penang,Silver,Debit Card,Electronics,2024-08-03,2025-10-27 21:08:13,2025-10-27 21:08:13,615,164,0.049,5.0,769.32,0.0,0,-300.74951358139685,0
CUST0398,208.66,2,2,104.33,60,Male,Shah Alam,Gold,Debit Card,Beauty,2026-06-02,2025-10-30 19:34:57,2025-12-02 17:03:26,1,129,60.0,1.0,104.33,67.94,1,26510.543371307554,1
CUST0399,198.35,1,1,198.35,42,Male,Johor Bahru,Bronze,E-Wallet,Electronics,2024-12-03,2025-10-25 09:11:28,2025-10-25 09:11:28,493,167,0.061,1.0,198.35,1385.5,1,-1162.8806606118521,0
CUST0400,316.0,1,2,158.0,38,Male,Johor Bahru,Bronze,Cash on Delivery,Beauty,2025-08-19,2026-03-19 14:28:56,2026-03-19 14:28:56,234,22,0.128,2.0,316.0,299.65999999999997,1,630.7094416806406,0
CUST0401,2050.87,4,12,205.087,26,Female,Ipoh,Silver,Credit Card,Sports,2026-01-31,2025-07-17 10:33:55,2026-02-28 08:49:55,69,41,1.739,3.0,512.72,0.0,0,1642.0986199156025,0
CUST0402,1165.25,3,7,233.05,52,Female,Johor Bahru,Gold,Credit Card,Fashion,2026-02-03,2025-09-19 07:44:41,2026-04-01 12:49:28,66,9,1.364,2.33,388.42,576.31,1,1621.849993948388,0
CUST0403,1259.0700000000002,2,5,251.81400000000002,20,Male,Johor Bahru,Silver,Credit Card,Electronics,2025-06-19,2025-08-18 12:52:27,2026-02-09 21:42:59,295,59,0.203,2.5,629.54,0.0,0,620.8316671409177,0
CUST0404,2268.34,1,3,756.1133333333333,48,Female,Penang,Silver,Credit Card,Electronics,2024-12-29,2025-07-25 21:47:59,2025-07-25 21:47:59,467,258,0.064,3.0,2268.34,962.97,2,-575.7461833301379,0
CUST0405,1188.45,4,8,297.1125,41,Female,Kuala Lumpur,Platinum,Debit Card,Beauty,2025-01-29,2025-08-08 14:35:02,2026-03-19 14:44:32,436,22,0.275,2.0,297.11,1048.03,2,1847.7066194462307,0
CUST0406,329.01,3,5,82.2525,50,Male,Ipoh,Bronze,E-Wallet,Beauty,2025-01-21,2025-09-07 18:48:15,2025-12-22 18:19:50,444,108,0.203,1.67,109.67,0.0,0,167.63970665294624,0
CUST0407,1157.73,3,5,231.546,21,Male,Penang,Bronze,Online Banking,Beauty,2026-01-15,2025-07-13 20:14:49,2025-12-16 06:58:30,85,115,1.059,1.67,385.91,1704.78,1,621.6333938982843,0
CUST0408,1433.2,3,5,358.3,41,Male,Penang,Silver,E-Wallet,Electronics,2024-10-16,2025-09-09 16:29:08,2025-12-15 21:19:28,541,115,0.166,1.67,477.73,0.0,0,560.9570234115217,0
CUST0409,1762.9699999999998,2,5,587.6566666666666,53,Female,Melaka,Bronze,E-Wallet,Electronics,2025-01-07,2025-12-24 21:54:11,2026-02-23 23:23:42,458,45,0.131,2.5,881.48,0.0,0,749.9302754634325,0
CUST0410,2451.26,1,7,612.815,39,Male,Penang,Bronze,Online Banking,Beauty,2025-10-16,2025-08-29 20:27:21,2025-08-29 20:27:21,176,223,0.17,7.0,2451.26,966.61,2,85.11958512112972,0
CUST0411,2174.6,4,11,241.6222222222222,29,Male,Kuala Lumpur,Bronze,Credit Card,Beauty,2025-08-16,2025-11-26 17:03:15,2026-04-09 20:39:01,237,0,0.506,2.75,543.65,0.0,0,1397.0034088968846,0
CUST0412,370.47,3,4,92.6175,41,Male,Kuala Lumpur,Gold,E-Wallet,Beauty,2026-03-25,2025-07-20 13:33:11,2026-02-08 15:00:11,16,61,5.625,1.33,123.49,0.0,0,2431.6816977767203,1
CUST0413,659.9,3,3,219.96666666666667,31,Male,Johor Bahru,Bronze,E-Wallet,Beauty,2025-07-19,2025-07-12 15:24:54,2026-03-16 12:58:46,265,25,0.34,1.0,219.97,32.29,1,1105.4540265309993,0
CUST0414,5466.8,4,17,607.4222222222222,37,Female,Johor Bahru,Bronze,E-Wallet,Electronics,2025-09-21,2025-10-10 14:49:37,2026-03-30 07:31:07,201,11,0.597,4.25,1366.7,0.0,0,2413.8351991651107,1
CUST0415,254.72,1,3,84.90666666666667,19,Male,Melaka,Bronze,Online Banking,Beauty,2026-03-23,2025-09-02 12:42:20,2025-09-02 12:42:20,18,220,1.667,3.0,254.72,91.0,1,-762.9398444799384,0
CUST0416,5510.28,2,14,918.38,28,Female,Penang,Bronze,Credit Card,Fashion,2026-07-09,2025-07-11 17:44:34,2026-02-17 23:33:22,1,51,60.0,7.0,2755.14,151.59,1,29218.940739701182,1
CUST0417,3415.3199999999997,4,13,379.47999999999996,55,Female,Ipoh,Bronze,Online Banking,Beauty,2025-03-11,2025-08-29 19:44:43,2026-02-24 07:08:29,395,45,0.304,3.25,853.83,0.0,0,891.3711606293759,0
CUST0418,3188.62,2,8,797.155,53,Female,Penang,Gold,Credit Card,Sports,2026-02-17,2025-11-05 20:32:21,2026-03-05 18:42:55,52,35,1.154,4.0,1594.31,0.0,0,1757.2404750628511,0
CUST0420,47.36,1,1,47.36,27,Female,Johor Bahru,Bronze,Credit Card,Beauty,2025-08-03,2025-12-17 00:53:24,2025-12-17 00:53:24,250,114,0.12,1.0,47.36,0.0,0,-1281.8712779915986,0
CUST0421,1326.74,3,6,221.12333333333333,47,Female,Kuala Lumpur,Platinum,Credit Card,Electronics,2024-09-18,2025-10-26 19:42:11,2025-12-23 23:24:10,569,107,0.158,2.0,442.25,295.82,1,761.5112984911015,0
CUST0422,534.37,1,1,534.37,25,Female,Melaka,Bronze,Debit Card,Home,2024-09-12,2026-01-29 21:59:09,2026-01-29 21:59:09,575,70,0.052,1.0,534.37,329.76,1,-75.69768789405228,0
CUST0423,2391.24,2,8,597.81,31,Female,Melaka,Silver,E-Wallet,Electronics,2026-03-23,2025-09-26 16:44:34,2026-03-25 07:52:12,18,16,3.333,4.0,1195.62,862.62,1,2882.24974498447,1
CUST0425,2138.1099999999997,3,8,427.62199999999996,31,Male,Johor Bahru,Bronze,E-Wallet,Home,2026-06-30,2025-07-24 15:51:54,2026-03-04 19:38:00,1,36,90.0,2.67,712.7,0.0,0,41417.03446276499,1
CUST0426,1179.67,3,9,235.93400000000003,37,Female,Penang,Silver,Online Banking,Beauty,2026-06-30,2025-08-28 01:50:46,2025-12-12 20:52:49,1,118,90.0,3.0,393.22,0.0,0,40084.41644063767,1
CUST0427,546.87,2,5,182.29,65,Male,Ipoh,Bronze,Cash on Delivery,Sports,2025-07-01,2025-12-24 07:42:12,2026-03-29 14:34:27,283,12,0.212,2.5,273.44,0.0,0,-377.7317028214254,0
CUST0428,1643.7,8,11,164.37,51,Male,Johor Bahru,Silver,E-Wallet,Home,2024-07-12,2025-08-18 22:05:54,2026-02-04 19:54:09,637,64,0.377,1.38,205.46,321.33000000000004,3,1461.9687548866336,0
CUST0429,2883.9,5,10,360.4875,51,Male,Penang,Silver,Online Banking,Home,2025-11-15,2025-09-26 12:15:23,2026-04-03 23:39:32,146,6,1.027,2.0,576.78,0.0,0,2108.3933882265824,1
CUST0430,566.66,2,2,283.33,40,Female,Shah Alam,Silver,Credit Card,Beauty,2025-09-12,2025-10-16 07:38:53,2026-02-04 20:11:48,210,64,0.286,1.0,283.33,0.0,0,465.81602010081406,0
CUST0431,344.84,1,4,86.21,19,Female,Johor Bahru,Platinum,Debit Card,Fashion,2025-03-12,2025-10-22 08:55:45,2025-10-22 08:55:45,394,170,0.076,4.0,344.84,381.59,1,160.57776917744454,0
CUST0432,1026.99,4,4,256.7475,48,Female,Johor Bahru,Silver,E-Wallet,Electronics,2026-06-02,2025-09-08 11:33:46,2026-03-04 08:53:51,1,37,120.0,1.0,256.75,0.0,0,54841.83100122054,1
CUST0433,1166.26,2,10,233.252,26,Female,Johor Bahru,Silver,E-Wallet,Beauty,2024-11-09,2025-09-11 18:59:22,2025-10-14 14:31:02,517,178,0.116,5.0,583.13,117.66,1,-207.5624201184512,0
CUST0434,1106.51,1,3,368.83666666666664,26,Female,Ipoh,Bronze,Online Banking,Electronics,2026-07-06,2025-10-11 19:51:07,2025-10-11 19:51:07,1,180,30.0,3.0,1106.51,262.4,1,12647.502480940275,1
CUST0435,1062.54,3,8,212.50799999999998,24,Female,Kuala Lumpur,Bronze,Online Banking,Beauty,2025-01-09,2025-08-11 23:05:41,2026-03-18 10:47:38,456,23,0.197,2.67,354.18,339.16,1,822.0616469605134,0
CUST0436,1803.63,2,6,300.605,44,Male,Penang,Silver,Debit Card,Electronics,2025-07-24,2025-09-14 09:58:06,2026-01-31 20:36:26,260,68,0.231,3.0,901.82,819.71,2,434.58485799554114,0
CUST0437,2028.92,3,11,338.15333333333336,54,Female,Ipoh,Bronze,E-Wallet,Fashion,2024-09-30,2025-10-13 16:02:20,2026-03-20 11:07:10,557,21,0.162,3.67,676.31,0.0,0,912.1580051589895,0
CUST0439,866.82,3,4,288.94,31,Female,Kuala Lumpur,Gold,Credit Card,Electronics,2025-11-11,2025-07-13 13:28:57,2025-10-26 21:33:24,150,165,0.6,1.33,288.94,47.36,1,282.258633829935,0
CUST0440,2199.9,4,11,274.9875,32,Male,Shah Alam,Silver,E-Wallet,Beauty,2025-12-19,2025-08-16 07:01:49,2026-01-31 08:32:20,112,69,1.071,2.75,549.98,1563.4099999999999,2,1717.0999663960965,0
CUST0441,2202.05,4,7,440.41,44,Female,Johor Bahru,Bronze,E-Wallet,Fashion,2026-04-08,2025-07-18 12:00:00,2025-10-14 18:48:54,2,177,60.0,1.75,550.51,2920.01,3,26696.908089721397,1
CUST0442,1039.57,2,5,346.5233333333333,39,Male,Kuala Lumpur,Platinum,E-Wallet,Fashion,2024-07-16,2026-02-19 19:57:41,2026-03-17 12:14:43,633,24,0.095,2.5,519.78,363.76,2,1637.0080395062396,0
CUST0443,1394.1100000000001,6,6,232.3516666666667,30,Male,Kuala Lumpur,Silver,E-Wallet,Electronics,2024-09-14,2025-08-08 22:46:04,2026-04-04 19:00:51,573,5,0.314,1.0,232.35,1485.4099999999999,1,1466.1949228296173,0
CUST0444,2644.76,5,12,293.8622222222223,32,Male,Melaka,Silver,E-Wallet,Beauty,2026-03-22,2025-08-06 18:52:10,2026-04-02 21:36:59,19,7,7.895,2.4,528.95,727.9,2,5231.276241435155,1
CUST0445,1846.26,6,10,230.7825,25,Male,Ipoh,Bronze,Credit Card,Beauty,2024-09-22,2025-08-12 23:32:45,2026-02-10 20:13:56,565,58,0.319,1.67,307.71,567.42,1,1336.0726647084255,0
CUST0446,1950.8,4,9,390.15999999999997,51,Female,Melaka,Silver,E-Wallet,Beauty,2025-09-28,2025-08-05 16:17:27,2026-02-02 22:50:57,194,66,0.619,2.25,487.7,0.0,0,465.75887013104534,0
CUST0447,2975.2799999999997,4,8,495.87999999999994,30,Male,Ipoh,Bronze,E-Wallet,Electronics,2025-05-27,2025-08-24 14:36:09,2025-12-13 21:06:55,318,117,0.377,2.0,743.82,284.15999999999997,1,301.2326851738337,0
CUST0448,4331.42,5,14,433.142,29,Male,Johor Bahru,Bronze,Credit Card,Electronics,2025-07-23,2025-08-21 13:27:50,2026-03-27 17:47:19,261,14,0.575,2.8,866.28,198.35,1,1743.9821108950127,0
CUST0449,2069.1699999999996,3,8,344.8616666666666,59,Female,Ipoh,Bronze,E-Wallet,Home,2025-04-16,2025-12-08 19:35:55,2026-02-16 13:50:23,359,53,0.251,2.67,689.72,0.0,0,-43.60614194690686,0
CUST0450,1954.1,4,5,488.525,40,Female,Kuala Lumpur,Silver,Debit Card,Electronics,2026-03-21,2025-09-18 20:58:30,2025-11-30 22:47:43,20,130,6.0,1.25,488.52,0.0,0,2836.542445945688,1
CUST0451,470.36,2,4,235.18,42,Female,Kuala Lumpur,Bronze,Credit Card,Beauty,2024-08-14,2025-12-22 08:19:05,2025-12-27 20:57:12,604,103,0.099,2.0,235.18,0.0,0,-112.52213509529082,0
CUST0452,2896.62,3,14,413.80285714285714,24,Female,Shah Alam,Bronze,Debit Card,Fashion,2025-06-01,2025-10-13 13:59:48,2026-01-08 22:33:36,313,91,0.288,4.67,965.54,0.0,0,675.7075767660988,0
CUST0453,1517.54,3,11,252.92333333333332,59,Female,Penang,Gold,Credit Card,Fashion,2025-04-29,2025-07-23 21:30:04,2026-04-02 01:17:30,346,8,0.26,3.67,505.85,0.0,0,1613.3655286796484,0
CUST0454,1035.98,3,5,258.995,36,Female,Kuala Lumpur,Platinum,E-Wallet,Beauty,2025-11-11,2025-10-16 22:06:05,2026-03-07 18:05:23,150,33,0.6,1.67,345.33,0.0,0,2109.819123848777,1
CUST0455,732.5799999999999,1,3,244.1933333333333,42,Male,Melaka,Bronze,Credit Card,Fashion,2025-09-20,2026-03-08 19:28:11,2026-03-08 19:28:11,202,32,0.149,3.0,732.58,120.44,1,652.1431462936921,0
CUST0456,2195.62,4,7,313.65999999999997,38,Female,Ipoh,Gold,E-Wallet,Home,2025-03-25,2025-08-27 15:49:14,2026-04-01 22:51:02,381,8,0.315,1.75,548.9,0.0,0,1902.018722845851,1
CUST0457,858.3100000000001,3,6,171.662,26,Female,Shah Alam,Bronze,E-Wallet,Beauty,2024-10-19,2025-08-03 05:29:43,2025-12-21 21:31:54,538,109,0.167,2.0,286.1,0.0,0,337.31356134928905,0
CUST0458,1196.64,4,8,170.94857142857146,65,Female,Penang,Bronze,Credit Card,Sports,2024-12-13,2025-08-31 13:48:10,2026-02-27 08:48:07,483,42,0.248,2.0,299.16,336.03,2,706.6683304519382,0
CUST0459,2065.91,5,14,258.23875,62,Female,Melaka,Gold,Debit Card,Beauty,2025-09-12,2025-09-20 14:22:41,2026-01-03 23:31:43,210,96,0.714,2.8,413.18,140.24,2,1183.279121660388,0
CUST0460,2345.91,4,11,335.13,39,Male,Kuala Lumpur,Platinum,E-Wallet,Beauty,2024-08-13,2025-09-01 22:28:11,2026-02-24 15:03:04,605,45,0.198,2.75,586.48,0.0,0,1822.1283767304424,0
CUST0461,2754.1,3,5,688.525,65,Male,Johor Bahru,Bronze,Credit Card,Electronics,2024-09-22,2025-10-01 13:40:01,2026-02-07 14:36:16,565,62,0.159,1.67,918.03,189.74,2,381.29722060224424,0
CUST0462,3028.17,4,8,504.695,53,Female,Penang,Bronze,E-Wallet,Electronics,2026-01-17,2025-09-05 13:31:32,2026-02-26 13:59:59,83,43,1.446,2.0,757.04,0.0,0,1535.7126511932215,0
CUST0463,2026.6499999999999,2,6,405.33,26,Male,Penang,Bronze,Debit Card,Beauty,2025-09-22,2025-12-16 01:52:21,2026-03-22 17:14:00,200,19,0.3,3.0,1013.32,2203.08,1,807.0216591739497,0
CUST0465,412.18,1,1,412.18,26,Female,Shah Alam,Gold,Online Banking,Fashion,2025-07-12,2025-12-31 19:56:55,2025-12-31 19:56:55,272,99,0.11,1.0,412.18,72.08,1,403.0177567825106,0
CUST0466,414.59000000000003,1,4,207.29500000000002,37,Female,Kuala Lumpur,Silver,Online Banking,Electronics,2025-12-10,2025-08-12 19:08:03,2025-08-12 19:08:03,121,240,0.248,4.0,414.59,0.0,0,-691.0240590919057,0
CUST0467,1952.38,3,5,488.095,25,Male,Penang,Bronze,Credit Card,Electronics,2024-07-27,2025-08-08 21:33:44,2025-12-27 20:54:27,622,103,0.145,1.67,650.79,450.78,1,-199.18053038196393,0
CUST0468,290.02,2,2,145.01,28,Male,Shah Alam,Platinum,Debit Card,Electronics,2026-03-14,2025-08-09 12:26:58,2025-09-28 20:30:34,27,193,2.222,1.0,145.01,1159.74,1,934.8966138909716,0
CUST0469,704.6800000000001,3,7,140.936,45,Male,Kuala Lumpur,Silver,E-Wallet,Beauty,2026-04-04,2025-10-25 20:16:10,2026-03-03 01:17:02,6,38,15.0,2.33,234.89,335.55,2,6938.447621294863,1
CUST0470,1410.44,4,7,201.49142857142857,21,Female,Kuala Lumpur,Bronze,E-Wallet,Sports,2025-02-04,2025-08-03 07:35:53,2026-03-25 06:54:02,430,16,0.279,1.75,352.61,230.36,1,1137.3479809621206,0
CUST0471,1461.79,3,9,243.63166666666666,37,Male,Shah Alam,Silver,Debit Card,Fashion,2025-01-08,2025-07-23 20:22:05,2026-02-23 20:49:55,457,45,0.197,3.0,487.26,1000.05,3,804.3961722592957,0
CUST0473,1851.72,2,8,308.62,28,Female,Kuala Lumpur,Bronze,Credit Card,Electronics,2024-09-01,2025-10-15 13:49:55,2026-03-06 11:57:25,586,35,0.102,4.0,925.86,0.0,0,13.184960953364339,0
CUST0474,117.66,1,1,117.66,40,Female,Penang,Bronze,E-Wallet,Beauty,2024-11-03,2026-01-23 07:35:01,2026-01-23 07:35:01,523,77,0.057,1.0,117.66,53.23,1,-104.26505295103044,0
CUST0476,2736.83,2,8,547.366,47,Male,Shah Alam,Bronze,Credit Card,Fashion,2024-08-31,2026-03-05 11:05:01,2026-04-10 11:20:44,587,0,0.102,4.0,1368.42,258.45,1,1032.040250516944,0
CUST0477,548.66,2,6,109.732,44,Male,Kuala Lumpur,Silver,E-Wallet,Sports,2025-08-05,2025-10-09 21:10:51,2025-11-29 18:29:58,248,131,0.242,3.0,274.33,839.64,1,-443.93408343074407,0
CUST0478,169.58,1,1,169.58,38,Male,Johor Bahru,Silver,Credit Card,Electronics,2025-07-31,2025-11-26 21:50:39,2025-11-26 21:50:39,253,134,0.119,1.0,169.58,0.0,0,-963.5103439513914,0
CUST0479,1757.19,4,9,351.438,31,Male,Johor Bahru,Bronze,Credit Card,Sports,2026-06-09,2025-07-12 19:36:08,2026-01-29 21:36:26,1,70,120.0,2.25,439.3,91.0,1,54306.017353159354,1
CUST0480,2242.2200000000003,3,10,373.7033333333334,40,Male,Kuala Lumpur,Bronze,Debit Card,Electronics,2024-07-27,2025-07-24 07:34:28,2026-04-05 08:23:08,622,5,0.145,3.33,747.41,0.0,0,1319.7886542432211,0
CUST0481,303.18,1,2,303.18,35,Female,Johor Bahru,Bronze,E-Wallet,Fashion,2024-11-26,2025-10-10 17:36:49,2025-10-10 17:36:49,500,182,0.06,2.0,303.18,1667.81,3,-1269.1225193277419,0
CUST0482,2300.8199999999997,5,9,383.46999999999997,35,Male,Shah Alam,Silver,Credit Card,Fashion,2026-01-25,2025-10-24 21:16:19,2026-03-29 07:49:24,75,12,2.0,1.8,460.16,930.64,1,2574.318700798868,1
CUST0483,271.76,1,4,271.76,51,Male,Ipoh,Silver,Debit Card,Sports,2025-11-22,2025-10-15 23:48:08,2025-10-15 23:48:08,139,176,0.216,4.0,271.76,196.8,1,-719.0113511249046,0
CUST0484,1528.17,1,4,509.39000000000004,32,Male,Kuala Lumpur,Platinum,Credit Card,Beauty,2024-08-29,2025-12-28 13:49:29,2025-12-28 13:49:29,589,103,0.051,4.0,1528.17,0.0,0,1316.0410794348586,0
CUST0485,2084.83,3,7,416.966,22,Female,Melaka,Bronze,E-Wallet,Fashion,2024-07-21,2025-08-09 13:47:55,2025-12-24 17:12:36,628,107,0.143,2.33,694.94,0.0,0,178.0653471974673,0
CUST0486,1360.07,3,4,340.0175,48,Male,Shah Alam,Platinum,Debit Card,Sports,2026-03-21,2025-08-28 18:26:09,2026-03-18 21:16:58,20,22,4.5,1.33,453.36,0.0,0,3168.124264103994,1
CUST0487,2104.21,1,3,701.4033333333333,34,Female,Melaka,Bronze,Cash on Delivery,Electronics,2025-04-23,2025-09-15 18:57:03,2025-09-15 18:57:03,352,206,0.085,3.0,2104.21,0.0,0,-379.74865419980597,0
CUST0488,2185.45,4,9,437.09,57,Female,Penang,Silver,Credit Card,Electronics,2025-02-09,2025-07-25 11:11:05,2025-12-03 19:59:52,425,127,0.282,2.25,546.36,412.18,1,489.7866397659608,0
CUST0489,198.35,1,1,198.35,38,Female,Ipoh,Bronze,Debit Card,Electronics,2024-10-20,2026-03-30 21:59:21,2026-03-30 21:59:21,537,10,0.056,1.0,198.35,0.0,0,524.7298556020819,0
CUST0490,1466.62,3,8,244.43666666666664,38,Male,Johor Bahru,Silver,E-Wallet,Fashion,2025-03-17,2025-08-06 10:03:32,2025-10-29 20:28:23,389,162,0.231,2.67,488.87,87.01,1,65.4489896138646,0
CUST0491,602.31,2,2,301.155,18,Male,Kuala Lumpur,Bronze,E-Wallet,Home,2024-11-28,2025-11-09 19:20:52,2025-12-03 19:08:56,498,127,0.12,1.0,301.15,649.02,1,-557.0896355711708,0
CUST0493,556.25,2,7,111.25,32,Male,Kuala Lumpur,Gold,E-Wallet,Home,2025-10-04,2025-09-28 18:11:45,2026-03-02 18:02:24,188,38,0.319,3.5,278.12,349.30999999999995,1,996.3090629162033,0
CUST0494,321.17,1,2,160.585,24,Female,Shah Alam,Bronze,Online Banking,Electronics,2025-04-01,2025-10-13 13:19:01,2025-10-13 13:19:01,374,179,0.08,2.0,321.17,432.11,1,-480.7361039557952,0
CUST0495,504.23,3,6,84.03833333333334,55,Female,Kuala Lumpur,Bronze,E-Wallet,Electronics,2025-05-23,2025-08-13 22:35:55,2025-12-05 19:42:37,322,125,0.28,2.0,168.08,1152.62,1,389.42368516881356,0
CUST0496,1234.7,4,10,137.1888888888889,20,Male,Johor Bahru,Silver,Online Banking,Sports,2025-06-29,2025-10-23 17:22:05,2025-12-29 19:46:46,285,101,0.421,2.5,308.68,1320.34,2,567.8783972964726,0
CUST0497,1994.75,3,10,332.4583333333333,46,Male,Penang,Bronze,E-Wallet,Electronics,2025-01-17,2025-11-29 18:50:04,2026-03-25 09:15:27,448,16,0.201,3.33,664.92,1880.99,2,1076.6792076609763,0
CUST0498,4077.8599999999997,3,11,582.5514285714286,54,Male,Kuala Lumpur,Bronze,Online Banking,Electronics,2025-09-05,2025-09-19 10:18:50,2026-01-07 09:28:27,217,93,0.415,3.67,1359.29,562.01,1,1606.6850551132347,0
CUST0499,64.58,1,2,64.58,51,Male,Ipoh,Bronze,E-Wallet,Beauty,2026-01-26,2026-02-22 08:15:54,2026-02-22 08:15:54,74,47,0.405,2.0,64.58,0.0,0,-347.1283614685715,0
CUST0500,728.81,2,4,242.93666666666664,43,Female,Penang,Bronze,E-Wallet,Beauty,2025-04-25,2025-12-22 19:45:22,2026-01-15 19:09:38,350,84,0.171,2.0,364.4,0.0,0,16.6081304163893,0
