historical_revenue,total_orders,total_quantity,average_item_value,age,customer_tenure_days,days_since_last_purchase,purchase_frequency,average_items_per_order,historical_average_order_value,gender_Male,city_Johor Bahru,city_Kuala Lumpur,city_Melaka,city_Penang,city_Shah Alam,membership_Gold,membership_Platinum,membership_Silver,favorite_payment_Credit Card,favorite_payment_Debit Card,favorite_payment_E-Wallet,favorite_payment_Online Banking,favorite_category_Electronics,favorite_category_Fashion,favorite_category_Home,favorite_category_Sports
303.18,1,2,303.18,35,500,182,0.06,2.0,303.18,0,1,0,0,0,0,0,0,0,0,0,1,0,0,1,0,0
2483.5299999999997,5,8,413.9216666666666,59,1,64,150.0,1.6,496.71,0,0,0,0,1,0,0,0,1,1,0,0,0,0,0,0,1
3415.3199999999997,4,13,379.48,55,395,45,0.304,3.25,853.83,0,0,0,0,0,0,0,0,0,0,0,0,1,0,0,0,0
3319.93,5,13,414.99125,40,153,93,0.98,2.6,663.99,1,0,1,0,0,0,0,0,0,0,0,0,1,1,0,0,0
562.01,1,1,562.01,34,190,109,0.158,1.0,562.01,1,0,0,0,1,0,0,0,0,0,0,1,0,1,0,0,0
536.71,3,8,134.1775,64,153,5,0.588,2.67,178.9,0,1,0,0,0,0,0,1,0,0,0,0,1,0,0,0,0
4033.34,5,15,403.334,18,449,16,0.334,3.0,806.67,1,0,0,0,1,0,0,0,1,0,0,1,0,1,0,0,0
151.59,1,1,151.59,46,245,257,0.122,1.0,151.59,0,0,0,1,0,0,0,0,0,1,0,0,0,0,1,0,0
756.09,2,6,151.21800000000002,47,109,120,0.55,3.0,378.04,0,0,0,0,0,1,0,0,0,0,0,1,0,0,1,0,0
1259.0700000000002,2,5,251.814,20,295,59,0.203,2.5,629.54,1,1,0,0,0,0,0,0,1,1,0,0,0,1,0,0,0
1950.8,4,9,390.16,51,194,66,0.619,2.25,487.7,0,0,0,1,0,0,0,0,1,0,0,1,0,0,0,0,0
2242.2200000000003,3,10,373.7033333333334,40,622,5,0.145,3.33,747.41,1,0,1,0,0,0,0,0,0,0,1,0,0,1,0,0,0
3080.7799999999997,5,15,280.0709090909091,31,470,70,0.319,3.0,616.16,0,0,0,0,0,1,0,0,1,1,0,0,0,0,0,0,1
503.98,4,7,125.995,48,471,6,0.255,1.75,126.0,0,0,0,0,0,0,0,0,0,0,1,0,0,0,0,0,0
1192.4,2,5,298.1,34,262,104,0.229,2.5,596.2,1,0,0,1,0,0,0,1,0,1,0,0,0,0,0,0,0
2883.9,5,10,360.4875,51,146,6,1.027,2.0,576.78,1,0,0,0,1,0,0,0,1,0,0,0,1,0,0,1,0
1954.1,4,5,488.525,40,20,130,6.0,1.25,488.52,0,0,1,0,0,0,0,0,1,0,1,0,0,1,0,0,0
1247.31,2,4,415.77,37,197,16,0.305,2.0,623.66,0,1,0,0,0,0,0,0,0,0,0,1,0,0,0,0,0
1758.72,3,7,351.744,25,306,28,0.294,2.33,586.24,1,0,0,0,0,0,0,0,1,0,0,0,1,0,0,1,0
2192.76,2,4,730.9200000000001,47,292,62,0.205,2.0,1096.38,0,0,0,1,0,0,0,0,0,0,0,0,1,1,0,0,0
2931.89,4,17,325.7655555555555,39,145,71,0.828,4.25,732.97,0,0,0,0,0,0,0,0,0,1,0,0,0,1,0,0,0
1179.67,3,9,235.93400000000003,37,1,118,90.0,3.0,393.22,0,0,0,0,1,0,0,0,1,0,0,0,1,0,0,0,0
1995.74,1,5,665.2466666666667,28,95,160,0.316,5.0,1995.74,1,0,0,0,0,0,0,0,0,0,0,0,0,0,0,0,0
2199.9,4,11,274.9875,32,112,69,1.071,2.75,549.98,1,0,0,0,0,1,0,0,1,0,0,1,0,0,0,0,0
5504.280000000001,3,14,688.0350000000001,32,619,127,0.145,4.67,1834.76,1,0,0,0,0,1,0,0,1,0,0,0,0,1,0,0,0
316.0,1,2,158.0,38,234,22,0.128,2.0,316.0,1,1,0,0,0,0,0,0,0,0,0,0,0,0,0,0,0
853.76,2,3,284.58666666666664,22,524,66,0.115,1.5,426.88,0,0,1,0,0,0,0,0,1,1,0,0,0,0,0,1,0
622.43,3,3,207.47666666666663,30,262,28,0.344,1.0,207.48,0,0,0,0,0,1,0,0,0,0,0,0,1,0,0,0,0
2391.24,2,8,597.81,31,18,16,3.333,4.0,1195.62,0,0,0,1,0,0,0,0,1,0,0,1,0,1,0,0,0
839.64,1,1,839.64,31,529,131,0.057,1.0,839.64,0,0,0,0,0,0,0,0,0,0,1,0,0,0,0,1,0
483.68,1,4,120.92,28,562,198,0.053,4.0,483.68,0,0,0,0,0,0,0,0,1,0,0,1,0,0,0,0,0
1272.9,3,8,181.84285714285716,22,1,161,90.0,2.67,424.3,0,0,0,0,0,0,0,0,1,1,0,0,0,0,0,0,0
86.15,1,1,86.15,37,237,198,0.127,1.0,86.15,1,0,1,0,0,0,0,0,0,0,0,0,1,0,0,0,1
67.94,1,1,67.94,40,1,268,30.0,1.0,67.94,1,0,0,0,0,1,0,0,1,0,0,1,0,0,0,0,1
2754.1,3,5,688.525,65,565,62,0.159,1.67,918.03,1,1,0,0,0,0,0,0,0,1,0,0,0,1,0,0,0
3032.9300000000003,3,10,606.586,38,184,62,0.489,3.33,1010.98,0,0,0,0,1,0,0,0,0,1,0,0,0,0,1,0,0
567.42,1,2,567.42,34,1,135,30.0,2.0,567.42,0,0,1,0,0,0,0,0,0,0,0,1,0,0,0,0,0
1166.26,2,10,233.252,26,517,178,0.116,5.0,583.13,0,1,0,0,0,0,0,0,1,0,0,1,0,0,0,0,0
2199.24,4,8,314.1771428571428,54,543,2,0.221,2.0,549.81,0,1,0,0,0,0,0,0,0,0,0,1,0,0,0,1,0
219.84,1,2,219.84,24,578,112,0.052,2.0,219.84,0,0,0,0,0,1,1,0,0,0,0,1,0,0,0,0,1
1757.19,4,9,351.438,31,1,70,120.0,2.25,439.3,1,1,0,0,0,0,0,0,0,1,0,0,0,0,0,0,1
687.8,2,6,171.95,19,479,108,0.125,3.0,343.9,1,0,0,0,0,1,0,0,0,0,0,0,0,1,0,0,0
652.01,2,4,217.33666666666667,48,165,137,0.364,2.0,326.0,0,0,0,0,0,1,0,0,0,1,0,0,0,0,1,0,0
2753.6099999999997,5,12,393.3728571428571,28,295,63,0.508,2.4,550.72,1,0,0,1,0,0,0,0,0,0,0,1,0,0,1,0,0
2501.89,3,9,357.41285714285715,26,1,22,90.0,3.0,833.96,0,0,0,0,1,0,0,1,0,0,1,0,0,1,0,0,0
2644.76,5,12,293.8622222222223,32,19,7,7.895,2.4,528.95,1,0,0,1,0,0,0,0,1,0,0,1,0,0,0,0,0
584.73,4,6,116.946,53,636,44,0.189,1.5,146.18,0,0,0,0,0,0,0,1,0,0,1,0,0,0,0,0,0
4331.42,5,14,433.142,29,261,14,0.575,2.8,866.28,1,1,0,0,0,0,0,0,0,1,0,0,0,1,0,0,0
737.52,1,4,368.76,25,365,88,0.082,4.0,737.52,1,0,1,0,0,0,0,0,0,0,0,0,1,0,1,0,0
1197.54,2,5,299.385,53,56,185,1.071,2.5,598.77,0,0,0,0,1,0,0,0,1,1,0,0,0,0,1,0,0
2435.14,2,7,608.785,45,269,23,0.223,3.5,1217.57,1,0,1,0,0,0,0,0,0,1,0,0,0,0,1,0,0
1106.51,1,3,368.83666666666664,26,1,180,30.0,3.0,1106.51,0,0,0,0,0,0,0,0,0,0,0,0,1,1,0,0,0
769.32,1,5,384.66,26,615,164,0.049,5.0,769.32,1,0,0,0,1,0,0,0,1,0,1,0,0,1,0,0,0
32.29,1,1,32.29,36,630,230,0.048,1.0,32.29,0,0,0,0,0,1,0,0,1,0,1,0,0,0,0,0,0
346.04999999999995,1,2,173.02499999999998,32,210,49,0.143,2.0,346.05,0,0,0,0,0,0,0,0,1,1,0,0,0,0,0,0,0
2226.41,3,13,445.282,25,233,120,0.386,4.33,742.14,1,1,0,0,0,0,0,0,0,0,0,1,0,1,0,0,0
2927.42,3,7,487.90333333333336,32,279,79,0.323,2.33,975.81,0,0,0,1,0,0,0,1,0,1,0,0,0,1,0,0,0
889.52,2,6,296.50666666666666,19,541,184,0.111,3.0,444.76,1,0,0,0,1,0,0,0,1,1,0,0,0,1,0,0,0
395.36,2,4,197.68,33,615,186,0.098,2.0,197.68,0,0,0,1,0,0,0,0,0,0,0,0,0,0,0,0,0
534.37,1,1,534.37,25,575,70,0.052,1.0,534.37,0,0,0,1,0,0,0,0,0,0,1,0,0,0,0,1,0
32.29,1,1,32.29,27,608,202,0.049,1.0,32.29,1,1,0,0,0,0,0,0,1,0,1,0,0,0,0,0,0
1219.43,3,5,243.886,58,224,114,0.402,1.67,406.48,1,0,0,0,1,0,1,0,0,0,0,1,0,0,1,0,0
1243.2,2,5,310.8,60,1,201,60.0,2.5,621.6,1,1,0,0,0,0,0,0,1,0,0,0,1,0,0,1,0
496.9,2,5,124.225,54,557,72,0.108,2.5,248.45,0,0,0,0,0,1,0,0,0,0,0,1,0,0,0,0,0
1381.91,2,8,230.31833333333336,34,459,226,0.131,4.0,690.96,0,0,1,0,0,0,0,0,0,1,0,0,0,1,0,0,0
2318.52,3,9,331.21714285714285,37,1,97,90.0,3.0,772.84,0,0,0,1,0,0,0,0,1,1,0,0,0,1,0,0,0
3944.4,3,14,438.26666666666665,59,27,4,3.333,4.67,1314.8,0,0,0,0,1,0,0,0,0,0,0,1,0,0,0,0,0
640.5699999999999,2,2,320.28499999999997,47,96,0,0.625,1.0,320.28,1,1,0,0,0,0,0,0,1,0,0,1,0,0,1,0,0
96.87,1,3,96.87,38,358,264,0.084,3.0,96.87,1,1,0,0,0,0,0,0,0,0,1,0,0,0,0,0,0
603.1,2,4,301.55,37,419,134,0.143,2.0,301.55,0,0,1,0,0,0,0,0,0,0,0,1,0,0,1,0,0
619.77,3,4,206.59,42,432,16,0.208,1.33,206.59,1,0,1,0,0,0,0,0,0,1,0,0,0,0,0,0,0
919.32,4,4,229.83,59,178,98,0.674,1.0,229.83,0,0,0,0,0,1,0,0,0,0,0,1,0,1,0,0,0
903.24,3,6,225.81,44,301,47,0.299,2.0,301.08,0,1,0,0,0,0,0,1,0,0,1,0,0,0,1,0,0
253.67,2,4,84.55666666666667,30,79,139,0.759,2.0,126.84,1,0,1,0,0,0,0,0,0,0,0,0,1,0,0,0,0
713.6,1,2,356.8,28,456,177,0.066,2.0,713.6,1,0,1,0,0,0,1,0,0,0,0,0,1,1,0,0,0
3128.3999999999996,5,10,312.84,39,42,97,3.571,2.0,625.68,1,0,0,0,0,0,0,0,1,0,0,0,1,1,0,0,0
1288.34,3,5,257.668,33,84,51,1.071,1.67,429.45,1,0,0,0,0,0,0,0,0,0,1,0,0,0,0,0,0
1452.99,4,10,181.62375,26,78,23,1.538,2.5,363.25,0,0,0,0,1,0,0,0,0,1,0,0,0,0,1,0,0
2252.52,4,8,321.7885714285714,31,1,86,120.0,2.0,563.13,0,1,0,0,0,0,0,0,0,1,0,0,0,0,1,0,0
1829.23,2,4,609.7433333333333,28,332,37,0.181,2.0,914.62,1,0,1,0,0,0,0,0,0,0,0,1,0,0,0,0,0
1762.9699999999998,2,5,587.6566666666666,53,458,45,0.131,2.5,881.48,0,0,0,1,0,0,0,0,0,0,0,1,0,1,0,0,0
4714.58,7,20,336.7557142857143,41,305,4,0.689,2.86,673.51,0,0,0,0,0,1,0,0,1,0,0,1,0,0,1,0,0
399.01,2,3,133.00333333333333,45,570,6,0.105,1.5,199.5,0,1,0,0,0,0,0,0,1,0,0,1,0,0,0,0,0
301.55,2,2,150.775,41,541,22,0.111,1.0,150.78,0,0,0,0,0,1,0,0,1,0,1,0,0,0,1,0,0
1240.94,4,8,248.188,22,58,61,2.069,2.0,310.24,1,0,0,0,0,1,0,0,1,1,0,0,0,0,0,1,0
2985.34,4,10,497.5566666666667,37,536,55,0.224,2.5,746.34,0,1,0,0,0,0,0,0,0,1,0,0,0,0,1,0,0
743.47,2,4,185.8675,19,478,90,0.126,2.0,371.74,1,0,0,0,1,0,0,0,1,0,0,1,0,0,0,0,0
411.46,3,4,102.865,40,363,18,0.248,1.33,137.15,0,0,0,0,0,1,0,0,1,0,0,0,1,0,0,0,0
2345.91,4,11,335.13,39,605,45,0.198,2.75,586.48,1,0,1,0,0,0,0,1,0,0,0,1,0,0,0,0,0
1089.84,3,8,272.46,63,351,49,0.256,2.67,363.28,0,0,0,0,0,1,0,0,1,0,0,1,0,0,1,0,0
1718.32,2,4,859.16,22,1,10,60.0,2.0,859.16,0,1,0,0,0,0,1,0,0,1,0,0,0,0,0,0,0
5886.17,4,13,654.0188888888889,20,376,67,0.319,3.25,1471.54,0,0,1,0,0,0,0,0,0,1,0,0,0,1,0,0,0
2835.79,4,14,283.579,63,347,9,0.346,3.5,708.95,0,0,0,0,1,0,0,0,1,0,0,0,1,0,0,0,0
1039.57,2,5,346.5233333333333,39,633,24,0.095,2.5,519.78,1,0,1,0,0,0,0,1,0,0,0,1,0,0,1,0,0
1505.87,3,8,301.174,62,358,54,0.251,2.67,501.96,1,0,0,0,0,1,0,0,1,0,0,1,0,0,1,0,0
65.6,1,1,65.6,53,187,127,0.16,1.0,65.6,1,0,0,0,1,0,0,0,1,1,0,0,0,0,0,0,0
174.5,2,3,87.25,29,588,84,0.102,1.5,87.25,0,0,1,0,0,0,1,0,0,0,0,1,0,0,0,0,0
2300.8199999999997,5,9,383.47,35,75,12,2.0,1.8,460.16,1,0,0,0,0,1,0,0,1,1,0,0,0,0,1,0,0
1174.03,3,7,195.67166666666665,33,1,99,90.0,2.33,391.34,1,1,0,0,0,0,0,0,1,0,1,0,0,1,0,0,0
1109.34,3,6,277.335,25,337,69,0.267,2.0,369.78,0,0,1,0,0,0,0,0,1,0,0,0,1,1,0,0,0
1354.05,3,8,338.5125,51,628,15,0.143,2.67,451.35,0,0,0,0,0,1,0,0,0,1,0,0,0,0,0,1,0
1106.15,2,3,368.71666666666664,30,612,183,0.098,1.5,553.07,1,0,1,0,0,0,0,0,0,1,0,0,0,0,0,0,0
2248.04,1,4,2248.04,30,94,222,0.319,4.0,2248.04,1,0,1,0,0,0,0,0,0,0,0,0,0,1,0,0,0
283.71,1,1,283.71,34,59,190,0.508,1.0,283.71,0,0,1,0,0,0,0,0,1,0,0,0,1,0,0,0,0
2459.97,2,6,491.994,52,382,91,0.157,3.0,1229.98,1,0,1,0,0,0,0,0,0,1,0,0,0,1,0,0,0
1585.37,2,5,528.4566666666666,28,619,210,0.097,2.5,792.68,0,0,1,0,0,0,0,0,0,0,0,1,0,0,1,0,0
1377.68,3,8,229.61333333333337,30,146,84,0.616,2.67,459.23,0,1,0,0,0,0,0,0,1,0,0,1,0,0,0,0,0
3447.12,4,12,492.44571428571425,52,438,28,0.274,3.0,861.78,1,0,0,0,0,1,0,0,0,0,0,0,1,0,0,1,0
392.48,2,3,196.24,41,20,120,3.0,1.5,196.24,0,0,0,0,0,1,0,0,0,0,0,0,1,0,1,0,0
548.66,2,6,109.732,44,248,131,0.242,3.0,274.33,1,0,1,0,0,0,0,0,1,0,0,1,0,0,0,0,1
3569.44,6,13,396.6044444444444,55,291,20,0.619,2.17,594.91,0,0,1,0,0,0,0,0,0,0,0,1,0,0,0,0,0
2982.52,5,11,298.252,39,617,15,0.243,2.2,596.5,1,0,1,0,0,0,0,0,0,0,0,1,0,1,0,0,0
2180.91,3,8,363.485,23,84,25,1.071,2.67,726.97,1,0,0,0,0,0,0,0,0,0,0,0,1,0,1,0,0
198.35,1,1,198.35,42,493,167,0.061,1.0,198.35,1,1,0,0,0,0,0,0,0,0,0,1,0,1,0,0,0
1401.74,4,5,350.435,32,1,159,120.0,1.25,350.44,0,0,0,0,1,0,0,0,0,1,0,0,0,0,0,0,1
894.53,4,8,127.79,65,68,58,1.765,2.0,223.63,1,0,0,0,1,0,0,0,0,0,1,0,0,0,0,0,1
186.04,2,2,93.02,44,312,8,0.192,1.0,93.02,1,0,0,0,0,0,0,0,0,0,0,1,0,0,0,0,0
408.68,2,4,204.34,58,298,173,0.201,2.0,204.34,0,0,0,0,0,1,0,0,0,1,0,0,0,0,0,0,0
1474.97,2,8,245.82833333333335,18,1,101,60.0,4.0,737.48,1,1,0,0,0,0,0,0,0,1,0,0,0,0,0,1,0
32.29,1,1,32.29,29,1,65,30.0,1.0,32.29,0,1,0,0,0,0,0,0,1,0,0,0,1,0,0,0,0
780.3199999999999,2,5,156.064,54,206,3,0.291,2.5,390.16,1,0,0,1,0,0,0,0,0,0,0,0,1,0,1,0,0
412.18,1,1,412.18,26,272,99,0.11,1.0,412.18,0,0,0,0,0,1,1,0,0,0,0,0,1,0,1,0,0
1528.17,1,4,509.39,32,589,103,0.051,4.0,1528.17,1,0,1,0,0,0,0,1,0,1,0,0,0,0,0,0,0
1792.27,3,4,448.0675,63,630,182,0.143,1.33,597.42,0,0,0,0,0,1,1,0,0,1,0,0,0,0,0,0,0
1726.15,5,11,215.76875,28,183,74,0.82,2.2,345.23,0,0,1,0,0,0,0,0,0,0,0,0,1,0,0,0,0
852.06,2,3,284.02,35,312,47,0.192,1.5,426.03,0,0,0,0,0,0,0,0,0,0,1,0,0,0,0,0,0
1994.75,3,10,332.4583333333333,46,448,16,0.201,3.33,664.92,1,0,0,0,1,0,0,0,0,0,0,1,0,1,0,0,0
457.4,2,5,152.46666666666667,31,405,114,0.148,2.5,228.7,0,0,1,0,0,0,0,0,1,0,0,1,0,0,0,0,0
5524.95,5,17,460.4125,61,1,4,150.0,3.4,1104.99,0,0,1,0,0,0,0,0,0,1,0,0,0,0,1,0,0
2970.09,3,14,424.29857142857145,38,282,11,0.319,4.67,990.03,1,1,0,0,0,0,0,0,1,1,0,0,0,0,0,0,0
1017.48,2,6,508.74,38,409,33,0.147,3.0,508.74,0,0,0,0,0,1,0,0,0,0,0,1,0,1,0,0,0
396.7,1,2,396.7,31,165,233,0.182,2.0,396.7,0,0,0,0,0,0,0,0,0,0,0,0,1,1,0,0,0
1313.56,3,5,328.39,65,518,55,0.174,1.67,437.85,1,1,0,0,0,0,0,0,0,0,1,0,0,0,0,1,0
2395.45,4,15,239.545,52,1,58,120.0,3.75,598.86,1,0,1,0,0,0,1,0,0,0,0,0,1,0,0,1,0
169.58,1,1,169.58,38,253,134,0.119,1.0,169.58,1,1,0,0,0,0,0,0,1,1,0,0,0,1,0,0,0
888.89,2,3,296.2966666666667,28,228,91,0.263,1.5,444.44,0,0,1,0,0,0,1,0,0,0,0,1,0,0,1,0,0
1641.09,3,6,410.2725,36,449,34,0.2,2.0,547.03,0,0,0,0,0,1,0,0,1,0,0,1,0,0,1,0,0
2065.91,5,14,258.23875,62,210,96,0.714,2.8,413.18,0,0,0,1,0,0,1,0,0,0,1,0,0,0,0,0,0
2095.42,3,10,299.3457142857143,24,216,26,0.417,3.33,698.47,1,0,1,0,0,0,0,0,0,0,0,0,1,1,0,0,0
1196.64,4,8,170.94857142857146,65,483,42,0.248,2.0,299.16,0,0,0,0,1,0,0,0,0,1,0,0,0,0,0,0,1
1035.98,3,5,258.995,36,150,33,0.6,1.67,345.33,0,0,1,0,0,0,0,1,0,0,0,1,0,0,0,0,0
1427.21,6,13,178.40125,53,604,75,0.298,2.17,237.87,1,0,0,0,0,1,0,0,0,1,0,0,0,1,0,0,0
1314.75,3,8,219.125,39,68,64,1.324,2.67,438.25,1,0,1,0,0,0,0,0,1,0,0,1,0,0,0,0,0
3040.04,5,10,506.67333333333335,35,166,24,0.904,2.0,608.01,0,0,0,1,0,0,0,0,0,0,0,1,0,0,0,0,0
955.39,3,6,238.8475,50,163,144,0.552,2.0,318.46,0,0,0,0,1,0,0,0,1,0,1,0,0,1,0,0,0
1228.55,2,10,614.275,59,164,137,0.366,5.0,614.28,1,1,0,0,0,0,0,0,1,0,0,1,0,0,0,0,0
3547.12,2,9,506.7314285714286,25,361,27,0.166,4.5,1773.56,0,0,0,0,1,0,0,0,0,0,0,1,0,0,1,0,0
6075.69,3,14,867.9557142857142,62,160,42,0.562,4.67,2025.23,0,0,1,0,0,0,0,0,1,1,0,0,0,0,1,0,0
862.53,2,6,215.6325,31,1,133,60.0,3.0,431.26,1,0,0,0,1,0,0,1,0,0,0,1,0,0,0,0,0
2185.45,4,9,437.09,57,425,127,0.282,2.25,546.36,0,0,0,0,1,0,0,0,1,1,0,0,0,1,0,0,0
257.9,1,3,85.96666666666665,18,574,138,0.052,3.0,257.9,1,0,0,0,0,1,0,0,1,1,0,0,0,0,0,0,0
1367.54,4,6,227.92333333333332,18,1,116,120.0,1.5,341.88,1,0,0,0,0,1,0,0,0,1,0,0,0,0,1,0,0
47.36,1,1,47.36,25,312,162,0.096,1.0,47.36,1,0,1,0,0,0,0,0,0,0,0,0,1,0,0,0,0
1846.02,3,6,369.204,23,227,38,0.396,2.0,615.34,0,0,1,0,0,0,0,0,1,1,0,0,0,0,0,0,1
1743.31,2,10,348.662,32,162,22,0.37,5.0,871.66,1,0,1,0,0,0,0,0,0,0,0,0,1,0,0,0,0
344.84,1,4,86.21,19,394,170,0.076,4.0,344.84,0,1,0,0,0,0,0,1,0,0,1,0,0,0,1,0,0
659.9,3,3,219.96666666666667,31,265,25,0.34,1.0,219.97,1,1,0,0,0,0,0,0,0,0,0,1,0,0,0,0,0
3062.51,3,11,510.4183333333333,36,597,3,0.151,3.67,1020.84,0,0,1,0,0,0,0,0,0,0,0,1,0,0,0,0,0
2591.02,4,17,215.91833333333332,27,119,29,1.008,4.25,647.76,1,0,0,0,0,0,0,0,0,0,1,0,0,0,0,0,0
120.44,1,1,120.44,24,416,169,0.072,1.0,120.44,1,0,0,0,0,0,0,0,0,0,0,1,0,0,0,0,1
1219.29,2,5,406.43,45,252,160,0.238,2.5,609.64,0,0,1,0,0,0,0,0,0,0,0,0,1,1,0,0,0
131.2,1,2,131.2,41,518,180,0.058,2.0,131.2,0,1,0,0,0,0,0,0,0,0,0,1,0,0,0,0,0
548.7,2,5,137.175,38,555,106,0.108,2.5,274.35,1,0,0,0,1,0,0,0,1,1,0,0,0,0,0,0,0
3087.09,5,10,385.88625,53,279,42,0.538,2.0,617.42,0,0,0,0,1,0,0,0,0,0,0,1,0,0,1,0,0
1517.84,2,5,379.46,39,113,28,0.531,2.5,758.92,1,0,0,0,1,0,0,0,1,0,0,0,1,0,0,1,0
644.25,1,2,322.125,40,1,80,30.0,2.0,644.25,1,0,0,0,0,0,0,0,0,1,0,0,0,0,0,0,1
1683.46,3,7,420.865,43,148,65,0.608,2.33,561.15,1,1,0,0,0,0,0,1,0,0,1,0,0,0,0,0,1
231.02,2,3,77.00666666666666,19,1,41,60.0,1.5,115.51,1,0,0,1,0,0,1,0,0,1,0,0,0,0,1,0,0
2817.55,3,9,563.51,26,525,95,0.171,3.0,939.18,0,0,0,1,0,0,1,0,0,1,0,0,0,0,0,0,1
1695.42,4,11,242.2028571428571,57,16,9,7.5,2.75,423.86,0,0,0,0,1,0,0,0,0,0,0,1,0,0,0,0,0
3839.34,6,21,274.23857142857145,44,624,4,0.288,3.5,639.89,1,1,0,0,0,0,1,0,0,0,1,0,0,0,0,1,0
2138.1099999999997,3,8,427.622,31,1,36,90.0,2.67,712.7,1,1,0,0,0,0,0,0,0,0,0,1,0,0,0,1,0
903.46,3,7,150.57666666666668,19,1,16,90.0,2.33,301.15,0,0,0,1,0,0,1,0,0,0,0,1,0,0,0,0,0
1174.94,1,3,391.6466666666667,30,358,264,0.084,3.0,1174.94,1,0,0,0,1,0,0,0,0,0,0,0,1,0,0,1,0
1138.32,1,2,569.16,44,15,100,2.0,2.0,1138.32,0,0,0,0,1,0,0,0,0,0,0,1,0,1,0,0,0
373.63,2,3,124.54333333333334,28,607,78,0.099,1.5,186.82,1,0,0,0,1,0,0,0,0,0,0,1,0,0,1,0,0
1643.7,8,11,164.37,51,637,64,0.377,1.38,205.46,1,1,0,0,0,0,0,0,1,0,0,1,0,0,0,1,0
529.84,1,2,264.92,34,216,251,0.139,2.0,529.84,1,0,0,0,1,0,0,0,0,0,0,0,1,0,0,0,0
271.76,1,4,271.76,51,139,176,0.216,4.0,271.76,1,0,0,0,0,0,0,0,1,0,1,0,0,0,0,0,1
632.0799999999999,1,2,316.03999999999996,38,303,255,0.099,2.0,632.08,1,0,1,0,0,0,0,0,0,0,0,1,0,1,0,0,0
367.93,2,2,183.965,51,221,192,0.271,1.0,183.96,0,0,1,0,0,0,0,1,0,0,0,1,0,1,0,0,0
731.8899999999999,1,4,243.96333333333328,60,585,180,0.051,4.0,731.89,0,0,1,0,0,0,0,0,0,0,0,1,0,0,0,0,0
3212.94,6,14,321.294,31,1,40,180.0,2.33,535.49,0,0,0,0,1,0,0,0,0,0,0,1,0,0,1,0,0
2456.76,4,8,409.46,33,1,19,120.0,2.0,614.19,1,0,1,0,0,0,0,0,0,1,0,0,0,0,1,0,0
1436.33,1,3,718.165,42,181,222,0.166,3.0,1436.33,1,0,0,0,0,1,0,0,1,0,0,1,0,0,0,0,0
1334.17,3,5,333.5425,38,467,12,0.193,1.67,444.72,0,0,0,0,0,1,0,0,1,0,1,0,0,0,0,0,1
5319.01,4,8,1329.7525,29,510,89,0.235,2.0,1329.75,1,0,0,0,0,1,0,0,0,0,0,1,0,1,0,0,0
4115.98,4,8,587.9971428571428,27,89,74,1.348,2.0,1028.99,1,0,0,0,1,0,1,0,0,0,0,1,0,0,1,0,0
1262.27,1,3,420.75666666666666,34,12,147,2.5,3.0,1262.27,1,0,0,0,0,0,0,0,0,0,0,1,0,0,1,0,0
2004.68,4,10,286.3828571428571,56,425,139,0.282,2.5,501.17,0,0,0,0,0,1,0,0,1,0,0,1,0,0,0,0,0
329.01,3,5,82.2525,50,444,108,0.203,1.67,109.67,1,0,0,0,0,0,0,0,0,0,0,1,0,0,0,0,0
2545.5,4,8,363.6428571428572,30,275,14,0.436,2.0,636.38,1,0,0,0,0,1,0,0,1,0,0,1,0,1,0,0,0
212.53,2,5,70.84333333333333,40,90,29,0.667,2.5,106.26,1,1,0,0,0,0,1,0,0,0,0,1,0,0,0,0,0
3789.93,6,13,378.993,19,315,0,0.571,2.17,631.66,0,0,0,0,1,0,0,0,1,0,1,0,0,0,0,1,0
465.71,1,3,232.855,30,1,3,30.0,3.0,465.71,1,1,0,0,0,0,0,1,0,1,0,0,0,0,0,0,0
411.26,3,4,102.815,25,36,104,2.5,1.33,137.09,1,0,0,1,0,0,0,0,0,0,1,0,0,0,0,0,1
55.77,1,1,55.77,64,1,134,30.0,1.0,55.77,1,0,0,0,0,1,0,0,0,0,0,1,0,1,0,0,0
55.77,1,1,55.77,50,635,160,0.047,1.0,55.77,1,0,0,0,1,0,1,0,0,0,0,0,1,1,0,0,0
1720.04,2,4,860.02,30,62,34,0.968,2.0,860.02,1,0,0,0,0,0,0,0,0,1,0,0,0,0,0,0,0
109.92,1,1,109.92,29,625,216,0.048,1.0,109.92,0,0,0,0,0,1,0,0,0,1,0,0,0,0,0,0,1
2406.25,4,9,401.0416666666667,33,65,24,1.846,2.25,601.56,0,0,0,1,0,0,0,0,0,0,0,0,1,0,1,0,0
1157.73,3,5,231.546,21,85,115,1.059,1.67,385.91,1,0,0,0,1,0,0,0,0,0,0,0,1,0,0,0,0
3291.2,8,24,219.41333333333333,37,624,35,0.385,3.0,411.4,1,0,1,0,0,0,0,0,0,0,0,1,0,0,1,0,0
2365.8900000000003,2,10,591.4725000000001,24,401,136,0.15,5.0,1182.95,1,0,0,1,0,0,0,0,1,1,0,0,0,0,1,0,0
550.6,1,4,183.53333333333333,26,273,209,0.11,4.0,550.6,0,0,1,0,0,0,0,0,0,0,0,0,1,1,0,0,0
2451.26,1,7,612.815,39,176,223,0.17,7.0,2451.26,1,0,0,0,1,0,0,0,0,0,0,0,1,0,0,0,0
4215.26,2,12,843.052,28,1,62,60.0,6.0,2107.63,0,0,1,0,0,0,0,0,0,0,0,1,0,1,0,0,0
401.84,1,4,200.92,38,409,244,0.073,4.0,401.84,0,0,0,0,1,0,0,0,1,0,0,0,1,0,0,1,0
1401.22,4,7,350.305,26,259,76,0.463,1.75,350.3,1,0,1,0,0,0,0,0,1,0,0,1,0,0,1,0,0
1234.7,4,10,137.1888888888889,20,285,101,0.421,2.5,308.68,1,1,0,0,0,0,0,0,1,0,0,0,1,0,0,0,1
673.4,3,4,168.35,33,528,20,0.17,1.33,224.47,1,0,0,0,0,0,0,0,0,1,0,0,0,0,0,0,0
321.17,1,2,160.585,24,374,179,0.08,2.0,321.17,0,0,0,0,0,1,0,0,0,0,0,0,1,1,0,0,0
1670.31,5,12,208.78875,43,1,31,150.0,2.4,334.06,0,0,0,1,0,0,0,0,1,0,1,0,0,0,0,0,0
1679.28,1,2,1679.28,44,474,180,0.063,2.0,1679.28,1,0,0,0,1,0,0,0,0,0,0,1,0,0,0,1,0
3515.02,5,18,292.91833333333335,28,421,28,0.356,3.6,703.0,1,0,0,0,0,1,0,0,0,0,0,0,1,0,0,0,0
653.5699999999999,2,3,326.78499999999997,59,576,105,0.104,1.5,326.78,0,1,0,0,0,0,0,0,1,0,0,1,0,0,0,0,0
2130.08,2,15,304.29714285714283,30,183,99,0.328,7.5,1065.04,1,0,1,0,0,0,0,0,0,1,0,0,0,1,0,0,0
1234.25,2,4,308.5625,22,629,50,0.095,2.0,617.12,0,0,1,0,0,0,0,0,1,0,0,0,0,0,0,0,0
1394.11,6,6,232.3516666666667,30,573,5,0.314,1.0,232.35,1,0,1,0,0,0,0,0,1,0,0,1,0,1,0,0,0
254.72,1,3,84.90666666666667,19,18,220,1.667,3.0,254.72,1,0,0,1,0,0,0,0,0,0,0,0,1,0,0,0,0
1952.38,3,5,488.095,25,622,103,0.145,1.67,650.79,1,0,0,0,1,0,0,0,0,1,0,0,0,1,0,0,0
3047.13,4,13,338.57,30,627,13,0.191,3.25,761.78,0,0,0,1,0,0,0,0,0,0,0,1,0,0,1,0,0
2394.81,6,17,184.21615384615384,48,578,19,0.311,2.83,399.14,0,0,1,0,0,0,0,0,0,0,0,1,0,0,1,0,0
810.8199999999999,4,7,162.164,46,3,33,40.0,1.75,202.7,1,0,0,0,1,0,1,0,0,0,1,0,0,0,0,0,1
151.59,1,1,151.59,21,1,141,30.0,1.0,151.59,0,0,0,0,1,0,0,0,0,0,0,1,0,0,1,0,0
3550.41,5,13,394.49,28,392,4,0.383,2.6,710.08,1,1,0,0,0,0,1,0,0,0,0,1,0,0,1,0,0
414.59,1,4,207.295,37,121,240,0.248,4.0,414.59,0,0,1,0,0,0,0,0,1,0,0,0,1,1,0,0,0
1162.77,3,5,290.6925,21,102,6,0.882,1.67,387.59,1,0,1,0,0,0,1,0,0,1,0,0,0,1,0,0,0
2069.1699999999996,3,8,344.8616666666666,59,359,53,0.251,2.67,689.72,0,0,0,0,0,0,0,0,0,0,0,1,0,0,0,1,0
72.08,1,1,72.08,27,199,229,0.151,1.0,72.08,1,1,0,0,0,0,0,0,0,1,0,0,0,0,1,0,0
55.77,1,1,55.77,19,469,148,0.064,1.0,55.77,0,0,0,0,0,1,0,0,0,1,0,0,0,1,0,0,0
808.81,4,8,134.80166666666665,63,253,23,0.474,2.0,202.2,1,1,0,0,0,0,0,0,0,0,0,1,0,1,0,0,0
1026.99,4,4,256.7475,48,1,37,120.0,1.0,256.75,0,1,0,0,0,0,0,0,1,0,0,1,0,1,0,0,0
642.48,2,6,214.16,41,27,73,2.222,3.0,321.24,0,0,1,0,0,0,0,0,0,1,0,0,0,0,0,0,0
3741.43,2,8,935.3575,43,342,28,0.175,4.0,1870.72,0,0,0,0,1,0,0,0,0,0,0,1,0,0,0,0,0
4262.96,5,14,473.6622222222222,42,241,2,0.622,2.8,852.59,0,0,0,0,0,1,0,0,0,1,0,0,0,0,0,1,0
470.36,2,4,235.18,42,604,103,0.099,2.0,235.18,0,0,1,0,0,0,0,0,0,1,0,0,0,0,0,0,0
335.87,3,4,83.9675,40,188,13,0.479,1.33,111.96,1,0,0,0,0,1,0,0,0,0,0,0,1,0,0,0,0
5514.67,9,18,367.6446666666667,30,471,39,0.573,2.0,612.74,0,0,0,0,1,0,0,0,1,0,0,1,0,0,0,0,0
87.01,1,1,87.01,61,462,250,0.065,1.0,87.01,1,0,1,0,0,0,0,0,0,0,0,0,1,0,0,1,0
1286.13,2,6,257.226,40,27,238,2.222,3.0,643.06,1,1,0,0,0,0,1,0,0,0,0,0,0,0,1,0,0
973.35,2,4,486.675,41,399,58,0.15,2.0,486.68,0,0,0,0,0,0,0,0,1,0,1,0,0,0,1,0,0
6554.56,5,19,655.456,31,1,77,150.0,3.8,1310.91,1,0,1,0,0,0,0,0,0,0,0,1,0,1,0,0,0
3146.91,4,12,524.485,34,1,66,120.0,3.0,786.73,1,0,1,0,0,0,0,0,0,1,0,0,0,0,0,0,0
866.82,3,4,288.94,31,150,165,0.6,1.33,288.94,0,0,1,0,0,0,1,0,0,1,0,0,0,1,0,0,0
1613.52,3,12,268.92,36,309,42,0.291,4.0,537.84,0,0,0,0,1,0,0,0,1,0,0,1,0,0,0,0,1
1474.56,2,5,491.52,20,249,158,0.241,2.5,737.28,1,1,0,0,0,0,0,0,1,1,0,0,0,0,0,0,0
794.44,2,5,198.61,61,212,80,0.283,2.5,397.22,0,0,0,0,1,0,0,0,1,1,0,0,0,0,1,0,0
990.54,2,6,198.108,62,469,126,0.128,3.0,495.27,1,0,1,0,0,0,0,0,0,1,0,0,0,0,0,0,0
2136.5,3,4,534.125,28,233,126,0.386,1.33,712.17,1,1,0,0,0,0,0,0,1,1,0,0,0,0,0,0,0
290.02,2,2,145.01,28,27,193,2.222,1.0,145.01,1,0,0,0,0,1,0,1,0,0,1,0,0,1,0,0,0
1326.74,3,6,221.1233333333333,47,569,107,0.158,2.0,442.25,0,0,1,0,0,0,0,1,0,1,0,0,0,1,0,0,0
204.82,2,2,102.41,43,183,18,0.328,1.0,102.41,0,0,0,0,0,1,0,0,1,0,1,0,0,0,1,0,0
3252.26,5,9,464.6085714285714,35,545,107,0.275,1.8,650.45,0,0,0,0,1,0,1,0,0,1,0,0,0,0,1,0,0
370.47,3,4,92.6175,41,16,61,5.625,1.33,123.49,1,0,1,0,0,0,1,0,0,0,0,1,0,0,0,0,0
1656.5,2,5,414.125,26,314,155,0.191,2.5,828.25,0,0,1,0,0,0,0,0,0,1,0,0,0,1,0,0,0
123.71,1,2,61.855,20,464,90,0.065,2.0,123.71,1,0,0,0,0,1,0,0,0,0,0,1,0,1,0,0,0
1223.51,2,4,407.83666666666664,42,1,33,60.0,2.0,611.76,0,1,0,0,0,0,0,0,1,0,0,1,0,1,0,0,0
423.88,3,4,141.29333333333332,45,345,21,0.261,1.33,141.29,1,1,0,0,0,0,0,0,1,0,0,0,0,1,0,0,0
2104.21,1,3,701.4033333333333,34,352,206,0.085,3.0,2104.21,0,0,0,1,0,0,0,0,0,0,0,0,0,1,0,0,0
1410.44,4,7,201.49142857142857,21,430,16,0.279,1.75,352.61,0,0,1,0,0,0,0,0,0,0,0,1,0,0,0,0,1
3639.98,4,12,519.9971428571429,49,401,95,0.299,3.0,910.0,1,0,1,0,0,0,0,0,0,0,0,1,0,0,1,0,0
1988.62,3,11,220.95777777777775,32,1,210,90.0,3.67,662.87,0,1,0,0,0,0,0,0,0,0,0,0,1,0,1,0,0
2736.83,2,8,547.366,47,587,0,0.102,4.0,1368.42,1,0,0,0,0,1,0,0,0,1,0,0,0,0,1,0,0
3154.16,5,10,450.5942857142857,57,298,2,0.503,2.0,630.83,0,0,0,0,0,1,0,0,0,0,0,1,0,0,0,1,0
5314.96,4,17,483.1781818181818,40,49,20,2.449,4.25,1328.74,1,0,0,0,1,0,0,0,1,0,0,1,0,1,0,0,0
1349.54,3,6,269.908,20,402,37,0.224,2.0,449.85,0,0,0,0,1,0,0,0,1,0,0,0,1,0,0,0,0
1362.56,3,10,227.09333333333333,58,218,106,0.413,3.33,454.19,1,0,1,0,0,0,0,0,0,0,1,0,0,0,0,0,1
2028.92,3,11,338.15333333333336,54,557,21,0.162,3.67,676.31,0,0,0,0,0,0,0,0,0,0,0,1,0,0,1,0,0
1279.93,4,9,182.84714285714287,34,220,117,0.545,2.25,319.98,1,0,0,0,1,0,0,0,0,0,0,1,0,0,0,0,1
385.04,3,5,96.26,54,1,33,90.0,1.67,128.35,0,0,0,0,1,0,0,0,0,0,0,1,0,1,0,0,0
1242.79,1,5,414.2633333333333,54,1,50,30.0,5.0,1242.79,0,0,0,0,0,1,0,0,0,0,1,0,0,0,0,0,0
3188.62,2,8,797.155,53,52,35,1.154,4.0,1594.31,0,0,0,0,1,0,1,0,0,1,0,0,0,0,0,0,1
1062.54,3,8,212.508,24,456,23,0.197,2.67,354.18,0,0,1,0,0,0,0,0,0,0,0,0,1,0,0,0,0
704.6800000000001,3,7,140.936,45,6,38,15.0,2.33,234.89,1,0,1,0,0,0,0,0,1,0,0,1,0,0,0,0,0
3548.27,3,8,887.0675,65,565,30,0.159,2.67,1182.76,0,0,0,0,0,0,0,0,0,1,0,0,0,1,0,0,0
556.25,2,7,111.25,32,188,38,0.319,3.5,278.12,1,0,1,0,0,0,1,0,0,0,0,1,0,0,0,1,0
2810.05,1,5,2810.05,29,83,127,0.361,5.0,2810.05,0,0,0,1,0,0,0,0,0,0,0,0,1,1,0,0,0
1592.02,3,6,318.404,29,381,109,0.236,2.0,530.67,0,0,0,1,0,0,1,0,0,1,0,0,0,1,0,0,0
223.67,2,2,111.835,31,445,143,0.135,1.0,111.84,0,0,1,0,0,0,0,0,0,0,1,0,0,0,1,0,0
666.22,2,3,333.11,60,135,89,0.444,1.5,333.11,1,0,0,0,0,1,0,0,1,1,0,0,0,1,0,0,0
2457.0899999999997,4,7,409.51499999999993,25,200,48,0.6,1.75,614.27,1,1,0,0,0,0,0,1,0,0,0,1,0,0,0,0,1
208.66,2,2,104.33,60,1,129,60.0,1.0,104.33,1,0,0,0,0,1,1,0,0,0,1,0,0,0,0,0,0
1846.26,6,10,230.7825,25,565,58,0.319,1.67,307.71,1,0,0,0,0,0,0,0,0,1,0,0,0,0,0,0,0
1285.19,3,5,321.2975,52,291,0,0.309,1.67,428.4,0,1,0,0,0,0,1,0,0,0,0,1,0,0,0,1,0
4435.22,5,16,403.2018181818182,59,386,53,0.389,3.2,887.04,1,1,0,0,0,0,0,0,1,0,0,0,1,0,1,0,0
556.0699999999999,2,7,111.21399999999998,45,343,39,0.175,3.5,278.03,1,0,0,0,0,0,0,0,0,0,0,0,0,0,0,0,1
1824.49,2,7,304.08166666666665,31,230,31,0.261,3.5,912.24,1,0,0,1,0,0,0,0,1,1,0,0,0,0,1,0,0
248.32,1,1,248.32,48,418,244,0.072,1.0,248.32,1,0,0,0,1,0,0,0,1,0,0,0,1,0,1,0,0
424.35,2,4,141.45000000000002,45,619,49,0.097,2.0,212.18,1,0,1,0,0,0,0,0,0,1,0,0,0,0,1,0,0
1000.96,3,8,200.192,28,631,129,0.143,2.67,333.65,0,0,0,0,1,0,0,0,0,1,0,0,0,0,0,0,0
3996.45,6,16,444.0499999999999,26,500,33,0.36,2.67,666.08,1,0,0,1,0,0,0,0,0,0,0,1,0,0,1,0,0
135.88,1,2,135.88,20,447,194,0.067,2.0,135.88,0,0,0,0,0,0,0,0,1,1,0,0,0,0,0,0,1
2975.2799999999997,4,8,495.87999999999994,30,318,117,0.377,2.0,743.82,1,0,0,0,0,0,0,0,0,0,0,1,0,1,0,0,0
1178.8,2,3,589.4,43,495,130,0.121,1.5,589.4,0,0,0,0,0,1,0,0,0,1,0,0,0,1,0,0,0
1900.86,3,6,475.215,44,373,99,0.241,2.0,633.62,0,0,0,0,0,1,0,0,1,0,0,1,0,0,1,0,0
2339.25,3,7,584.8125,25,1,34,90.0,2.33,779.75,1,0,0,0,1,0,0,0,1,1,0,0,0,1,0,0,0
198.35,1,1,198.35,38,537,10,0.056,1.0,198.35,0,0,0,0,0,0,0,0,0,0,1,0,0,1,0,0,0
861.91,2,6,172.382,57,334,153,0.18,3.0,430.96,1,0,1,0,0,0,0,0,0,1,0,0,0,0,0,0,1
1337.97,2,3,445.99,33,1,8,60.0,1.5,668.98,1,0,1,0,0,0,0,0,0,0,0,0,0,0,1,0,0
1718.65,4,9,214.83125,26,388,30,0.309,2.25,429.66,1,1,0,0,0,0,0,0,0,0,0,1,0,0,0,0,0
571.87,1,4,285.935,59,337,104,0.089,4.0,571.87,0,0,0,0,0,1,0,0,1,0,0,0,1,0,1,0,0
2174.6,4,11,241.6222222222222,29,237,0,0.506,2.75,543.65,1,0,1,0,0,0,0,0,0,1,0,0,0,0,0,0,0
172.3,1,2,172.3,42,1,69,30.0,2.0,172.3,1,1,0,0,0,0,0,0,0,0,0,0,0,0,0,0,1
2364.1099999999997,5,9,295.51374999999996,61,1,66,150.0,1.8,472.82,0,0,1,0,0,0,0,0,0,1,0,0,0,0,0,0,0
2202.05,4,7,440.41,44,2,177,60.0,1.75,550.51,0,1,0,0,0,0,0,0,0,0,0,1,0,0,1,0,0
109.92,1,1,109.92,30,250,198,0.12,1.0,109.92,0,0,0,0,1,0,0,0,1,0,1,0,0,0,0,0,1
2491.69,3,5,830.5633333333334,30,195,38,0.462,1.67,830.56,1,0,0,0,0,0,0,0,1,0,1,0,0,0,0,1,0
1403.56,4,10,233.92666666666665,50,1,16,120.0,2.5,350.89,0,0,1,0,0,0,1,0,0,0,0,1,0,0,1,0,0
566.66,2,2,283.33,40,210,64,0.286,1.0,283.33,0,0,0,0,0,1,0,0,1,1,0,0,0,0,0,0,0
855.4200000000001,3,6,213.855,32,270,108,0.333,2.0,285.14,1,1,0,0,0,0,0,0,0,1,0,0,0,1,0,0,0
2773.99,1,5,924.6633333333332,41,422,127,0.071,5.0,2773.99,0,0,0,0,0,0,0,0,0,1,0,0,0,1,0,0,0
1196.37,2,5,299.0925,37,116,188,0.517,2.5,598.18,1,0,0,1,0,0,0,0,1,1,0,0,0,1,0,0,0
986.06,3,6,246.515,23,46,43,1.957,2.0,328.69,1,0,0,0,1,0,0,0,1,1,0,0,0,0,0,1,0
5470.47,5,11,911.745,52,269,49,0.558,2.2,1094.09,1,0,0,1,0,0,0,0,0,0,1,0,0,0,0,0,0
3047.47,3,7,609.4939999999999,34,258,128,0.349,2.33,1015.82,1,0,0,0,1,0,0,0,0,0,0,1,0,1,0,0,0
940.19,3,9,156.69833333333332,25,151,29,0.596,3.0,313.4,0,0,0,0,0,1,0,0,0,0,0,0,1,0,1,0,0
109.92,1,1,109.92,35,490,169,0.061,1.0,109.92,0,0,0,0,0,0,0,0,1,1,0,0,0,0,0,0,1
67.94,1,1,67.94,33,171,89,0.175,1.0,67.94,0,0,0,0,0,0,1,0,0,0,1,0,0,0,0,0,1
417.23,3,5,139.07666666666668,35,131,142,0.687,1.67,139.08,1,0,0,0,1,0,0,0,0,1,0,0,0,0,1,0,0
368.76,2,2,184.38,33,371,183,0.162,1.0,184.38,0,0,0,1,0,0,0,0,0,0,1,0,0,0,1,0,0
1006.29,4,13,125.78625,40,161,103,0.745,3.25,251.57,1,1,0,0,0,0,1,0,0,0,0,1,0,0,0,0,0
5510.28,2,14,918.38,28,1,51,60.0,7.0,2755.14,0,0,0,0,1,0,0,0,0,1,0,0,0,0,1,0,0
2637.74,3,10,439.6233333333333,18,392,83,0.23,3.33,879.25,1,0,1,0,0,0,1,0,0,0,0,0,1,0,0,0,0
2896.62,3,14,413.80285714285714,24,313,91,0.288,4.67,965.54,0,0,0,0,0,1,0,0,0,0,1,0,0,0,1,0,0
348.28,2,4,87.07,30,386,64,0.155,2.0,174.14,1,0,0,0,1,0,0,0,0,0,0,0,0,0,0,0,0
2376.64,5,10,339.52,54,293,91,0.512,2.0,475.33,0,0,0,0,0,0,0,1,0,0,0,1,0,0,0,1,0
1109.81,4,7,221.962,28,556,103,0.216,1.75,277.45,0,1,0,0,0,0,0,0,0,1,0,0,0,0,0,0,0
67.94,1,1,67.94,21,405,260,0.074,1.0,67.94,0,0,0,1,0,0,1,0,0,0,0,0,0,0,0,0,1
4056.25,2,10,811.25,38,569,48,0.105,5.0,2028.12,0,0,0,1,0,0,1,0,0,1,0,0,0,0,1,0,0
1684.06,3,8,280.6766666666667,31,1,135,90.0,2.67,561.35,1,0,0,0,0,1,0,0,0,1,0,0,0,0,1,0,0
546.87,2,5,182.29,65,283,12,0.212,2.5,273.44,1,0,0,0,0,0,0,0,0,0,0,0,0,0,0,0,1
2717.64,4,8,339.705,25,532,41,0.226,2.0,679.41,0,0,0,1,0,0,0,0,0,0,0,0,0,0,0,0,0
861.67,2,3,287.2233333333333,43,274,208,0.219,1.5,430.84,0,0,1,0,0,0,0,0,0,0,0,1,0,1,0,0,0
487.17,3,6,97.434,59,312,77,0.288,2.0,162.39,1,1,0,0,0,0,1,0,0,0,1,0,0,0,0,0,1
676.05,3,6,112.675,43,484,87,0.186,2.0,225.35,0,0,1,0,0,0,0,0,0,1,0,0,0,0,0,0,0
436.03,2,5,218.015,40,401,27,0.15,2.5,218.02,1,0,1,0,0,0,0,0,0,0,1,0,0,0,0,0,0
47.36,1,1,47.36,27,250,114,0.12,1.0,47.36,0,1,0,0,0,0,0,0,0,1,0,0,0,0,0,0,0
2317.34,5,12,257.4822222222222,28,1,99,150.0,2.4,463.47,0,0,0,0,0,0,0,0,0,0,0,1,0,0,0,0,0
2268.34,1,3,756.1133333333333,48,467,258,0.064,3.0,2268.34,0,0,0,0,1,0,0,0,1,1,0,0,0,1,0,0,0
1152.62,1,2,1152.62,39,123,208,0.244,2.0,1152.62,0,0,0,0,0,0,0,0,0,1,0,0,0,0,0,0,1
1903.74,4,7,317.29,31,1,18,120.0,1.75,475.94,1,0,1,0,0,0,1,0,0,0,0,1,0,1,0,0,0
5185.01,4,10,740.7157142857143,22,246,65,0.488,2.5,1296.25,1,0,1,0,0,0,0,0,0,0,0,1,0,0,0,0,0
4077.86,3,11,582.5514285714286,54,217,93,0.415,3.67,1359.29,1,0,1,0,0,0,0,0,0,0,0,0,1,1,0,0,0
687.79,2,4,229.26333333333332,24,1,116,60.0,2.0,343.9,0,0,0,0,0,0,1,0,0,0,0,1,0,1,0,0,0
3745.9,5,10,468.2375,28,284,7,0.528,2.0,749.18,1,0,0,0,1,0,0,0,0,0,0,1,0,0,1,0,0
1851.72,2,8,308.62,28,586,35,0.102,4.0,925.86,0,0,1,0,0,0,0,0,0,1,0,0,0,1,0,0,0
4122.92,3,16,412.292,19,1,2,90.0,5.33,1374.31,0,0,1,0,0,0,0,0,0,0,0,0,1,1,0,0,0
4157.76,3,10,519.72,39,211,51,0.427,3.33,1385.92,1,0,1,0,0,0,0,0,1,0,1,0,0,0,0,0,0
1669.95,3,14,185.55,40,584,41,0.154,4.67,556.65,0,0,0,0,0,1,0,0,0,0,0,0,1,0,1,0,0
687.51,2,6,171.8775,36,41,74,1.463,3.0,343.76,1,1,0,0,0,0,0,1,0,0,0,0,1,0,1,0,0
1824.22,2,4,608.0733333333334,36,129,25,0.465,2.0,912.11,0,0,1,0,0,0,0,0,0,0,0,1,0,0,0,0,0
1110.04,4,6,185.00666666666663,20,477,58,0.252,1.5,277.51,1,0,0,0,1,0,0,0,1,0,1,0,0,0,1,0,0
788.4,3,4,197.1,32,231,24,0.39,1.33,262.8,0,0,0,0,0,0,0,0,1,0,0,1,0,1,0,0,0
1394.97,2,6,348.7425,40,403,135,0.149,3.0,697.48,1,1,0,0,0,0,0,0,0,0,1,0,0,0,0,1,0
2195.62,4,7,313.65999999999997,38,381,8,0.315,1.75,548.9,0,0,0,0,0,0,1,0,0,0,0,1,0,0,0,1,0
1461.79,3,9,243.63166666666663,37,457,45,0.197,3.0,487.26,1,0,0,0,0,1,0,0,1,0,1,0,0,0,1,0,0
1480.99,3,8,370.2475,25,417,45,0.216,2.67,493.66,1,0,0,1,0,0,0,0,1,0,0,0,1,0,0,0,1
94.72,1,2,94.72,30,394,234,0.076,2.0,94.72,0,0,0,0,1,0,0,0,1,0,0,0,1,0,0,0,0
355.63,2,3,118.54333333333334,36,1,119,60.0,1.5,177.82,1,0,0,0,0,1,0,0,0,0,0,0,1,0,0,0,0
1233.42,3,10,246.68400000000003,41,1,94,90.0,3.33,411.14,1,0,1,0,0,0,1,0,0,1,0,0,0,0,0,0,0
65.6,1,1,65.6,29,550,55,0.055,1.0,65.6,0,0,1,0,0,0,0,0,0,1,0,0,0,0,0,0,0
1181.25,3,6,393.75,42,39,10,2.308,2.0,393.75,0,0,0,0,1,0,0,0,0,0,0,0,1,1,0,0,0
1459.27,3,4,364.8175,61,1,44,90.0,1.33,486.42,1,0,0,0,0,1,0,0,0,1,0,0,0,0,0,1,0
732.5799999999999,1,3,244.1933333333333,42,202,32,0.149,3.0,732.58,1,0,0,1,0,0,0,0,0,1,0,0,0,0,1,0,0
177.86,2,2,88.93,39,293,4,0.205,1.0,88.93,0,1,0,0,0,0,0,0,1,0,1,0,0,0,0,0,1
4553.05,5,13,505.8944444444445,23,455,57,0.33,2.6,910.61,0,0,0,0,1,0,0,0,0,0,0,0,1,0,0,0,0
